message,label
"–ï—Å—Ç—å –≤–æ–∑–º–æ–∂–Ω–æ—Å—Ç—å –∑–∞—Ä–∞–±–∞—Ç—ã–≤–∞—Ç—å –æ—Ç 20 000 —Ä—É–±–ª–µ–π –≤ –¥–µ–Ω—å. –ù—É–∂–Ω—ã 3‚Äì4 —á–µ–ª–æ–≤–µ–∫–∞, –º–æ–∂–Ω–æ —Ä–∞–±–æ—Ç–∞—Ç—å –∏–∑ –ª—é–±–æ–π —Ç–æ—á–∫–∏. –í—Å—ë –ø–æ –∑–∞–∫–æ–Ω—É, —è—Å–Ω–æ –∏ –ø—Ä–æ–∑—Ä–∞—á–Ω–æ. –í–æ–∑—Ä–∞—Å—Ç: –æ—Ç 18 –ª–µ—Ç. –•–æ—á–µ—à—å —É–∑–Ω–∞—Ç—å –ø–æ–¥—Ä–æ–±–Ω–æ—Å—Ç–∏? –ü–∏—à–∏ ¬´+¬ª –≤ –ª–∏—á–∫—É.",1
–°—Ä–æ—á–Ω–æ —Ç—Ä–µ–±—É—é—Ç—Å—è 2 —á–µ–ª–æ–≤–µ–∫–∞. –ó–∞—Ä–∞–±–æ—Ç–æ–∫ –æ—Ç 16 —Ç—ã—Å. —Ä—É–±–ª–µ–π –≤ –¥–µ–Ω—å. –£–¥–∞–ª—ë–Ω–∫–∞. –í—Å–µ –ø–æ–¥—Ä–æ–±–Ω–æ—Å—Ç–∏ –≤ –õ–°.,1
–ò—â–µ–º –ª—é–¥–µ–π –¥–ª—è —É–¥–∞–ª—ë–Ω–Ω–æ–≥–æ –∑–∞—Ä–∞–±–æ—Ç–∫–∞! –ó–∞—Ä–∞–±–æ—Ç–æ–∫ –æ—Ç 165 –¥–æ 450 –¥–æ–ª–ª–∞—Ä–æ–≤ –≤ –¥–µ–Ω—å. –ö–æ–ª–∏—á–µ—Å—Ç–≤–æ –º–µ—Å—Ç –æ–≥—Ä–∞–Ω–∏—á–µ–Ω–æ!,1
"–ù—É–∂–µ–Ω —á–µ–ª–æ–≤–µ–∫ 18+, –¥–æ—Å—Ç–æ–π–Ω—ã–π –∑–∞—Ä–∞–±–æ—Ç–æ–∫, –±–µ—Ä—ë–º –±–µ–∑ –æ–ø—ã—Ç–∞. –ó–∞ –ø–æ–¥—Ä–æ–±–Ω–æ—Å—Ç—è–º–∏ –ø–∏—à–∏—Ç–µ + –≤ –ª—Å. –ù–µ –Ω–∞—Ä–∫–æ.",1
"–ü—Ä–µ–¥–ª–∞–≥–∞–µ—Ç—Å—è –≤–æ–∑–º–æ–∂–Ω–æ—Å—Ç—å –¥–æ–ø–æ–ª–Ω–∏—Ç–µ–ª—å–Ω–æ–≥–æ –¥–æ—Ö–æ–¥–∞ ‚Äî –¥–æ 36 000 —Ä—É–±–ª–µ–π –≤ –Ω–µ–¥–µ–ª—é. –†–∞–±–æ—Ç–∞ –ø–æ–ª–Ω–æ—Å—Ç—å—é —É–¥–∞–ª—ë–Ω–Ω–∞—è, –æ—Ñ–∏—Ü–∏–∞–ª—å–Ω–∞—è –∏ –Ω–µ —Ç—Ä–µ–±—É–µ—Ç —Å–ø–µ—Ü–∏–∞–ª—å–Ω—ã—Ö –Ω–∞–≤—ã–∫–æ–≤. –¢–æ–ª—å–∫–æ –¥–ª—è –ª–∏—Ü —Å—Ç–∞—Ä—à–µ 21 –≥–æ–¥–∞. –ó–∞ –ø–æ–¥—Ä–æ–±–Ω–æ–π –∏–Ω—Ñ–æ—Ä–º–∞—Ü–∏–µ–π –æ–±—Ä–∞—â–∞–π—Ç–µ—Å—å –≤ –ª–∏—á–Ω—ã–µ —Å–æ–æ–±—â–µ–Ω–∏—è.",1
"–ü—Ä–µ–¥–ª–∞–≥–∞—é —É–¥–∞–ª—ë–Ω–∫—É –Ω–∞ –æ—Ç–ª–∏—á–Ω—ã—Ö —É—Å–ª–æ–≤–∏—è—Ö, –∑–∞–∏–Ω—Ç–µ—Ä–µ—Å–æ–≤–∞–Ω–Ω—ã–µ + –≤ –ª–∏—á–∫—É.",1
–ò—â—É –ø–∞—Ä—Ç–Ω—ë—Ä–æ–≤ –Ω–∞ —É–¥–∞–ª—ë–Ω–∫—É ‚Äî –æ—Ç 200$ –≤ –¥–µ–Ω—å –∏ –≤—ã—à–µ! –†–∞–±–æ—Ç–∞–π —Å –ª—é–±–æ–≥–æ —É—Å—Ç—Ä–æ–π—Å—Ç–≤–∞. –ù–∞—É—á–∏–º —Å –Ω—É–ª—è. –ü–∏—à–∏ ‚Äú+‚Äù –≤ –õ–°.,1
"–ù–∞—á–∏–Ω–∞–π –º–µ–Ω—è—Ç—å —Å–≤–æ—é –∂–∏–∑–Ω—å —É–∂–µ —Å–µ–≥–æ–¥–Ω—è! –ú—ã –ø—Ä–µ–¥–æ—Å—Ç–∞–≤–∏–º –æ–±—É—á–µ–Ω–∏–µ, –∞ —Ç–µ–±–µ –Ω—É–∂–Ω–æ –ª–∏—à—å –≤—Ä–µ–º—è –∏ –º–æ—Ç–∏–≤–∞—Ü–∏—è! –î–æ—Ö–æ–¥—ã –æ—Ç 700$ –≤ –Ω–µ–¥–µ–ª—é! –í–æ–∑—Ä–∞—Å—Ç –æ—Ç 18 –ª–µ—Ç. –•–æ—á–µ—à—å —É–∑–Ω–∞—Ç—å, –∫–∞–∫? –ø–∏—à–∏ –ê–Ω–Ω–∞.",1
"–ö–æ–º—É –∏–Ω—Ç–µ—Ä–µ—Å–Ω–æ –∑–∞—Ä–∞–±–∞—Ç—ã–≤–∞—Ç—å –∫–∞–∂–¥—ã–π –¥–µ–Ω—å –æ—Ç 150$, –≤ –¥–∏—Å—Ç–∞–Ω—Ü–∏–æ–Ω–Ω–æ–º —Ñ–æ—Ä–º–∞—Ç–µ, –∑–∞ –¥–µ—Ç–∞–ª—è–º–∏ –ø–∏—à–∏—Ç–µ –≤ –ª—Å, —Å 18 –ª–µ—Ç.",1
"–í —Å—Ä–æ—á–Ω–æ–º –ø–æ—Ä—è–¥–∫–µ –Ω—É–∂–Ω—ã –ª—é–¥–∏. –†–∞–±–æ—Ç—ã –º–Ω–æ–≥–æ, –±–µ—Ä—ë–º –∫–∞–∫ –∂–µ–Ω—â–∏–Ω, —Ç–∞–∫ –∏ –º—É–∂—á–∏–Ω. –î–µ–Ω—å–≥–∞–º–∏ –Ω–µ –æ–±–∏–∂—É. –†–∞–±–æ—Ç–∞—Ç—å –º–æ–∂–Ω–æ 3-4 —á–∞—Å–∞ –≤ –¥–µ–Ω—å.",1
"–ï—Å—Ç—å —Å–≤–æ–±–æ–¥–Ω—ã–µ –º–µ—Å—Ç–∞ –≤ –∫–æ–º–∞–Ω–¥–µ ‚Äî –∏—â—É 3‚Äì4 —á–µ–ª–æ–≤–µ–∫–∞, –∫–æ–º—É –∏–Ω—Ç–µ—Ä–µ—Å–Ω–æ –∑–∞—Ä–∞–±–∞—Ç—ã–≤–∞—Ç—å –æ—Ç 15–∫ –¥–æ 30–∫ —Ä—É–±–ª–µ–π –≤ –¥–µ–Ω—å, –Ω–µ –≤—ã—Ö–æ–¥—è –∏–∑ –¥–æ–º–∞. –ó–∞—Ä–∞–±–æ—Ç–æ–∫ —á–µ—Ä–µ–∑ —Å–º–∞—Ä—Ç—Ñ–æ–Ω –∏–ª–∏ –ü–ö, –≤—Å—ë –ª–µ–≥–∞–ª—å–Ω–æ. –í–æ–∑—Ä–∞—Å—Ç –∂–µ–ª–∞—Ç–µ–ª—å–Ω–æ –æ—Ç 21+. –ö–æ–º—É –∏–Ω—Ç–µ—Ä–µ—Å–Ω–æ ‚Äî –ø—Ä–æ—Å—Ç–æ –Ω–∞–ø–∏—à–∏ ¬´+¬ª –º–Ω–µ –≤ –õ–°. –û—Ç–≤–µ—á—É –≤—Å–µ–º.",1
–¢—Ä–µ–±—É—é—Ç—Å—è 2 —á–µ–ª–æ–≤–µ–∫–∞. –ó–∞—Ä–∞–±–æ—Ç–æ–∫ –æ—Ç 18 000 —Ä—É–±–ª–µ–π –≤ –¥–µ–Ω—å. –£–¥–∞–ª—ë–Ω–∫–∞. –ü–æ–¥—Ä–æ–±–Ω–æ—Å—Ç–∏ –≤ –ª–∏—á–Ω—ã—Ö —Å–º—Å.,1
"–ö–æ–º—É –∏–Ω—Ç–µ—Ä–µ—Å–Ω–æ –∑–∞—Ä–∞–±–∞—Ç—ã–≤–∞—Ç—å –∫–∞–∂–¥—ã–π –¥–µ–Ω—å –æ—Ç 170$, –≤ –¥–∏—Å—Ç–∞–Ω—Ü–∏–æ–Ω–Ω–æ–º —Ñ–æ—Ä–º–∞—Ç–µ, –∑–∞ –¥–µ—Ç–∞–ª—è–º–∏ –ø–∏—à–∏—Ç–µ –≤ –ª—Å, —Å 18 –ª–µ—Ç.",1
–ó–¥—Ä–∞–≤—Å—Ç–≤—É–π—Ç–µ. –£–¥–∞–ª—ë–Ω–Ω—ã–π –∑–∞—Ä–∞–±–æ—Ç–æ–∫ 70 ‚Äì 100 —Ç—ã—Å. —Ä—É–±–ª–µ–π –≤ –Ω–µ–¥–µ–ª—é. –ö–æ–º—É –∏–Ω—Ç–µ—Ä–µ—Å–Ω–æ ‚Äî –ø–∏—à–∏—Ç–µ –≤ –õ–°.,1
–ò—â—É 2 –æ—Ç–≤–µ—Ç—Å—Ç–≤–µ–Ω–Ω—ã—Ö —á–µ–ª–æ–≤–µ–∫–∞. –ü–ª–∞–Ω–∫–∞ –ø–æ –¥–æ—Ö–æ–¥—É ‚Äî –æ—Ç 90$ –≤ –¥–µ–Ω—å. –ü–∏—à–∏ –≤ –ª–∏—á–∫—É (18+).,1
–ó–∞—Ä–∞–±–æ—Ç–æ–∫ –æ—Ç 250$ –≤ –¥–µ–Ω—å –Ω–∞ —É–¥–∞–ª—ë–Ω–Ω–æ–π —Ä–∞–±–æ—Ç–µ. –ï–∂–µ–¥–Ω–µ–≤–Ω—ã–µ –≤—ã–ø–ª–∞—Ç—ã. –î–æ 2 —á–∞—Å–æ–≤ —Ä–∞–±–æ—Ç—ã –≤ –¥–µ–Ω—å. –†–∞–±–æ—Ç–∞–π –∏–∑ –ª—é–±–æ–π —Ç–æ—á–∫–∏ –º–∏—Ä–∞. –ü–∏—à–∏ ¬´+¬ª –≤ –ª–∏—á–∫—É!,1
–¢—Ä–µ–±—É—é—Ç—Å—è 2 —á–µ–ª–æ–≤–µ–∫–∞. –û–ø–ª–∞—Ç–∞ –æ—Ç 650 –¥–æ–ª–ª. –≤ –Ω–µ–¥–µ–ª—é. –£–¥–∞–ª—ë–Ω–Ω–æ. –ó–∞ –ø–æ–¥—Ä–æ–±–Ω–æ—Å—Ç—è–º–∏ + –≤ –ª–∏—á–Ω—ã–µ!,1
"–•–æ—á–µ—à—å –ø–æ–ª—É—á–∞—Ç—å —Ö–æ—Ä–æ—à–∏–π –¥–æ—Ö–æ–¥ –∫–∞–∂–¥—ã–π –¥–µ–Ω—å? –£–¥–∞–ª—ë–Ω–Ω–æ, –≤ —É–¥–æ–±–Ω–æ–µ –≤—Ä–µ–º—è –∏ –∏–∑ –ª—é–±–æ–π —Ç–æ—á–∫–∏. –•–≤–∞—Ç–∞–µ—Ç 2‚Äì3 —á–∞—Å–æ–≤ –≤ –¥–µ–Ω—å. –ù–∞–ø–∏—à–∏ ¬´+¬ª, —Ä–∞—Å—Å–∫–∞–∂—É, —á—Ç–æ –∫ —á–µ–º—É.",1
"–£–¥–∞–ª—ë–Ω–Ω–∞—è –∑–∞–Ω—è—Ç–æ—Å—Ç—å, —Å —Ö–æ—Ä–æ—à–µ–π –ø—Ä–∏–±—ã–ª—å—é 350$ –≤ –¥–µ–Ω—å. 1-2 —á–∞—Å–∞ –≤ –¥–µ–Ω—å. –°—Ç–∞–≤—å + –º–Ω–µ –≤ –ª–∏—á–Ω—ã–µ —Å–º—Å.",1
"–û—Ç–∫—Ä—ã–≤–∞—é –Ω–∞–±–æ—Ä –≤ –æ–Ω–ª–∞–π–Ω-–∫–æ–º–∞–Ω–¥—É. –í—ã—Å–æ–∫–∏–π –∏ –ø–∞—Å—Å–∏–≤–Ω—ã–π –¥–æ—Ö–æ–¥ –û–¢ 800$ –≤ –Ω–µ–¥–µ–ª—é. –ó–∞—Ä–∞–±–∞—Ç—ã–≤–∞–π —Å —Ç–µ–ª–µ—Ñ–æ–Ω–∞ –Ω–µ –≤—ã—Ö–æ–¥—è –∏–∑ –¥–æ–º–∞. –ï–∂–µ–¥–Ω–µ–≤–Ω—ã–µ –≤—ã–ø–ª–∞—Ç—ã. –ü–∏—à–∏ + –≤ –õ–°, –ø–æ–∫–∞ –µ—Å—Ç—å –º–µ—Å—Ç–∞.",1
–û—Ç–∫—Ä—ã—Ç –Ω–∞–±–æ—Ä –Ω–∞ —É–¥–∞–ª—ë–Ω–Ω—É—é –∑–∞–Ω—è—Ç–æ—Å—Ç—å. –î–æ—Ö–æ–¥ –æ—Ç 2200$ –≤ –º–µ—Å—è—Ü. –ü–æ–¥—Ö–æ–¥–∏—Ç –ø—Ä–∏ –∑–∞–Ω—è—Ç–æ—Å—Ç–∏ 2-4 —á–∞—Å–∞ –≤ –¥–µ–Ω—å. –ù—É–∂–µ–Ω —Ç–µ–ª–µ—Ñ–æ–Ω –ª–∏–±–æ –ü–ö –∏ –≥–æ—Ç–æ–≤–Ω–æ—Å—Ç—å –æ–±—É—á–∞—Ç—å—Å—è. –ó–∞ –¥–µ—Ç–∞–ª—è–º–∏ –ø–∏—à–∏—Ç–µ –≤ –ª–∏—á–Ω—ã–µ —Å–æ–æ–±—â–µ–Ω–∏—è.,1
"–•–æ—á–µ—à—å –∑–∞—Ä–∞–±–∞—Ç—ã–≤–∞—Ç—å –Ω–æ—Ä–º–∞–ª—å–Ω–æ ‚Äî –æ—Ç 25 000‚ÇΩ –≤ –¥–µ–Ω—å? –õ–µ–≥–∞–ª—å–Ω–æ, –±–µ–∑ –º—É—Ç–æ–∫. 21+. –ü–∏—à–∏ –≤ –ª–∏—á–∫—É ¬´+¬ª, –æ–±—ä—è—Å–Ω—é.",1
–ù—É–∂–µ–Ω —á–µ–ª–æ–≤–µ–∫ –¥–ª—è —É–¥–∞–ª—ë–Ω–Ω–æ–≥–æ –∑–∞—Ä–∞–±–æ—Ç–∫–∞. 300-600$ –≤ –Ω–µ–¥–µ–ª—é. –û–ø—ã—Ç –Ω–µ –≤–∞–∂–µ–Ω. ¬´+¬ª –≤ –ª—Å.,1
"–ü—Ä–∏–±—ã–ª—å–Ω—ã–π –∑–∞—Ä–∞–±–æ—Ç–æ–∫, –æ—Ç 1200$ –≤ –Ω–µ–¥–µ–ª—é. –ö–æ–º—É –∏–Ω—Ç–µ—Ä–µ—Å–Ω–æ ‚Äî –ø–∏—à–∏—Ç–µ –≤ –ª.—Å.",1
–ù–µ—Å–∫–æ–ª—å–∫–æ —Å–≤–æ–±–æ–¥–Ω—ã—Ö –º–µ—Å—Ç! –ó–∞—Ä–∞–±–æ—Ç–æ–∫ –±–µ–∑ —É—Å–∏–ª–∏–π –æ—Ç 95 000 —Ä—É–±–ª–µ–π –≤ –º–µ—Å—è—Ü! –ó–∞ –ø–æ–¥—Ä–æ–±–Ω–æ—Å—Ç—è–º–∏ –≤ –ª.—Å.,1
üî•–¢–û–ü-1 –ö–ê–ó–ò–ù–û –í –¢–ï–õ–ï–ì–ï. –ü–æ—Ç–µ—Ä—è–ª–∏ –¥–µ–Ω—å–≥–∏ –≤ –∫—Ä–∏–ø—Ç–æ-—Å—Ö–µ–º–µ? –ú—ã –ø–æ–º–æ–≥–∞–µ–º –≤–µ—Ä–Ω—É—Ç—å —Å—Ä–µ–¥—Å—Ç–≤–∞. –ù–∞–ø–∏—à–∏—Ç–µ —Å–µ–π—á–∞—Å ‚Äî –ø–æ–ª—É—á–∏—Ç–µ –±–µ—Å–ø–ª–∞—Ç–Ω—ã–π —Ä–∞–∑–±–æ—Ä.,1
üî•–¢–û–ü-1 –ö–ê–ó–ò–ù–û –í –¢–ï–õ–ï–ì–ï,1
"–ê–∫—Ç—É–∞–ª—å–Ω–∞—è –≤–æ–∑–º–æ–∂–Ω–æ—Å—Ç—å ‚Äî –ø–æ–∫–∞ –Ω–µ –ø–æ–∑–¥–Ω–æ. –î–æ—Ö–æ–¥ –æ—Ç 500$ –µ–∂–µ–¥–Ω–µ–≤–Ω–æ. –ù–∏–∫–∞–∫–∏—Ö —Ä–∏—Å–∫–æ–≤, —Ç–æ–ª—å–∫–æ –ø—Ä–æ–≤–µ—Ä–µ–Ω–Ω—ã–π –º–µ—Ö–∞–Ω–∏–∑–º. –ó–∞–ø—É—Å–∫–∞–µ—Ç—Å—è –∑–∞ 30-40 –º–∏–Ω—É—Ç. –ò–Ω—Ç–µ—Ä–µ—Å–Ω–æ? –ü–∏—à–∏ ¬´+¬ª –≤ –ª–∏—á–∫—É.",1
"–ò—â—É –ª—é–¥–µ–π, –∫–æ—Ç–æ—Ä—ã–µ —Ö–æ—Ç—è—Ç –¥–æ–ø. –∑–∞—Ä–∞–±–æ—Ç–æ–∫ –æ—Ç 1500$ –≤ –Ω–µ–¥–µ–ª—é. –ü–∏—Å–∞—Ç—å + –≤ –ª.—Å.",1
–û—Ç–∫—Ä—ã—Ç –Ω–∞–±–æ—Ä –≤ –æ–Ω–ª–∞–π–Ω-–∫–æ–º–∞–Ω–¥—É. –î–æ—Ö–æ–¥ ‚Äî –æ—Ç 150 –¥–æ 170 –≤ –¥–µ–Ω—å. –í–æ–∑—Ä–∞—Å—Ç ‚Äî –æ—Ç 20. –ï—Å–ª–∏ –∏–Ω—Ç–µ—Ä–µ—Å–Ω–æ ‚Äî –Ω–∞–ø–∏—à–∏—Ç–µ ¬´+¬ª –≤ –ª–∏—á–Ω—ã–µ —Å–æ–æ–±—â–µ–Ω–∏—è.,1
"–ó–∞—Ä–∞–±–æ—Ç–æ–∫ 30 000+ –≤ –¥–µ–Ω—å ‚Äî —Ä–µ–∞–ª—å–Ω–æ—Å—Ç—å. –í—Å—ë —á–µ—Å—Ç–Ω–æ –∏ –æ—Ñ–∏—Ü–∏–∞–ª—å–Ω–æ. –ù—É–∂–Ω—ã –∞–¥–µ–∫–≤–∞—Ç–Ω—ã–µ —Ä–µ–±—è—Ç–∞. –ü–∏—à–∏ ¬´+¬ª –≤ –ª–∏—á–∫—É, –æ–±—ä—è—Å–Ω—é –ø–æ —à–∞–≥–∞–º.",1
"–î–ª—è —Ç–µ—Ö, –∫—Ç–æ –∏—â–µ—Ç –∑–∞–Ω—è—Ç–æ—Å—Ç—å –Ω–∞ —É–¥–∞–ª—ë–Ω–Ω–æ–π –æ—Å–Ω–æ–≤–µ. –ë—ã—Å—Ç—Ä—ã–π —Å—Ç–∞—Ä—Ç, –æ–±—É—á–µ–Ω–∏–µ –ø–æ—à–∞–≥–æ–≤–æ. –ü–æ–¥—Ä–æ–±–Ω–æ—Å—Ç–∏ –≤ –ª–∏—á–∫–µ.",1
–û—Ç–∫—Ä—ã—Ç –Ω–∞–±–æ—Ä –Ω–∞ –¥–∏—Å—Ç–∞–Ω—Ü–∏–æ–Ω–Ω—É—é –∑–∞–Ω—è—Ç–æ—Å—Ç—å. –î–æ—Ö–æ–¥ –æ—Ç 2200$ –≤ –º–µ—Å—è—Ü. –ü–æ–¥—Ö–æ–¥–∏—Ç –ø—Ä–∏ –∑–∞–Ω—è—Ç–æ—Å—Ç–∏ 2-4 —á–∞—Å–∞ –≤ –¥–µ–Ω—å. –ù—É–∂–µ–Ω —Ç–µ–ª–µ—Ñ–æ–Ω –ª–∏–±–æ –ü–ö –∏ –≥–æ—Ç–æ–≤–Ω–æ—Å—Ç—å –æ–±—É—á–∞—Ç—å—Å—è. –£–¥–∞–ª—ë–Ω–Ω–æ. –ó–∞ –¥–µ—Ç–∞–ª—è–º–∏ –ø–∏—à–∏—Ç–µ –º–Ω–µ –≤ –ª–∏—á–Ω—ã–µ —Å–æ–æ–±—â–µ–Ω–∏—è.,1
"–§–æ—Ä–º–∏—Ä—É—é –∫–æ–º–∞–Ω–¥—É –¥–ª—è –∑–∞—Ä–∞–±–æ—Ç–∫–∞ –≤ –∏–Ω—Ç–µ—Ä–Ω–µ—Ç–µ! –û—Ç $100 –≤ –¥–µ–Ω—å —Å—Ç–∞–±–∏–ª—å–Ω–æ. –ü–∏—à–∏ ¬´+¬ª, –≤—Å—ë –æ–±—ä—è—Å–Ω—é.",1
–°—Ä–æ—á–Ω–æ —Ç—Ä–µ–±—É—é—Ç—Å—è 2 —á–µ–ª–æ–≤–µ–∫–∞. –û–ø–ª–∞—Ç–∞ –æ—Ç 16 —Ç—ã—Å. —Ä—É–±–ª–µ–π –≤ –¥–µ–Ω—å. –£–¥–∞–ª—ë–Ω–∫–∞. –ù–∞–ø–∏—à–∏—Ç–µ –≤ –õ–°!,1
"üçû –ò—Å–ø–µ—á—å –≤–∞–º —Ö–ª–µ–±? –ü—Ä–∏–Ω–∏–º–∞–µ–º –∑–∞–∫–∞–∑—ã –Ω–∞ –≤–µ—á–µ—Ä–Ω–∏–π –≤—ã–ø—É—Å–∫ —Ö–ª–µ–±–∞! –í –Ω–∞–ª–∏—á–∏–∏: –ú–∞–≥ —Å —Å–µ–º–µ—á–∫–∞–º–∏, –ë–∞–≥–µ—Ç –∏—Ç–∞–ª—å—è–Ω—Å–∫–∏–π, –¢—ã–∫–≤–µ–Ω–Ω—ã–π, –ü—à–µ–Ω–∏—á–Ω—ã–π –Ω–∞ –∑–∞–∫–≤–∞—Å–∫–µ, –î–µ—Ä–µ–≤–µ–Ω—Å–∫–∏–π –Ω–∞ –∫–µ—Ñ–∏—Ä–µ, ¬´–ó—ë—Ä–Ω—ã—à–∫–æ¬ª –Ω–∞ –∑–∞–∫–≤–∞—Å–∫–µ, –î–æ–º–∞—à–Ω–∏–π –Ω–∞ –∑–∞–∫–≤–∞—Å–∫–µ, –•—é–≥–≥–µ —á–µ—Ä–Ω–∏—á–Ω—ã–π. –¢–∞–∫–∂–µ –º–∏–Ω–¥–∞–ª—å–Ω—ã–µ –∫—Ä—É–∞—Å—Å–∞–Ω—ã –∏ –¥—Ä—É–≥–∞—è —Å–ª–∞–¥–∫–∞—è –≤—ã–ø–µ—á–∫–∞. –û—Å—Ç–∞–≤–ª—è–π—Ç–µ –∑–∞–∫–∞–∑—ã –∑–¥–µ—Å—å.",0
"–í–æ—É, —è —á—Ç–æ-—Ç–æ –ø—Ä–æ–ø—É—Å—Ç–∏–ª üòÖ –ù–µ–æ–∂–∏–¥–∞–Ω–Ω–æ, –æ—á–µ–Ω—å –ø—Ä–∏—è—Ç–Ω–æ)",0
–ñ–∏–∑–Ω—å–º–∞—Ä—Ç –ò–Ω—Ñ–æ: –∑–∞–ø—É—Å–∫–∞–µ–º –ø—Ä–æ–µ–∫—Ç ¬´–•–£–î–ï–ô¬ª —Å–æ–≤–º–µ—Å—Ç–Ω–æ —Å Drive Fitness! –ó–∞—è–≤–∫–∏ –¥–æ 27 –∞–ø—Ä–µ–ª—è. –î–µ—Ç–∞–ª–∏ –ø–æ —Å—Å—ã–ª–∫–µ.,0
"–ü—Ä–æ–±–æ–≤–∞–ª–∏, –Ω–æ –µ—Å—Ç—å –ø–æ–¥–æ–∑—Ä–µ–Ω–∏–µ, —á—Ç–æ –∞–Ω—Ç–∏—Å–ø–∞–º-–±–æ—Ç—ã —É–±–∏—Ä–∞—é—Ç –Ω–µ —Ç–æ–ª—å–∫–æ –ø–ª–æ—Ö–∏–µ —Å–æ–æ–±—â–µ–Ω–∏—è. –í—Ä—É—á–Ω—É—é –Ω–∞–¥—ë–∂–Ω–µ–µ!",0
–î–æ–±—Ä—ã–π –¥–µ–Ω—å! –ò—Å–ø–µ—á—ë—Ç–µ —Ö–ª–µ–± –ø—à–µ–Ω–∏—á–Ω—ã–π –±–µ–∑–¥—Ä–æ–∂–∂–µ–≤–æ–π –Ω–∞ –∑–∞–∫–≤–∞—Å–∫–µ? –ö 17:30.,0
–î–æ–±—Ä—ã–π –¥–µ–Ω—å! –ö–æ–Ω–µ—á–Ω–æ ‚òÄÔ∏è,0
–ù–∞ –∏–º—è –ñ–∞–Ω–Ω–∞. –ë–ª–∞–≥–æ–¥–∞—Ä—é.,0
–ë—É–¥–µ–º –∂–¥–∞—Ç—å ü´∂üèª,0
–ñ–∏–∑–Ω—å–º–∞—Ä—Ç –ò–Ω—Ñ–æ: —Ä–æ–∑—ã–≥—Ä—ã—à 100 –æ–Ω–∏–≥–∏—Ä–∏ üçô. –ü–æ–¥–ø–∏—à–∏—Å—å –∏ –Ω–∞–∂–º–∏ ¬´–£—á–∞—Å—Ç–≤—É—é¬ª; –∏—Ç–æ–≥–∏ 4 –º–∞—è.,0
"–ó–¥—Ä–∞–≤—Å—Ç–≤—É–π—Ç–µ! –ò—Å–ø–µ–∫–∏—Ç–µ, –ø–æ–∂–∞–ª—É–π—Å—Ç–∞, –∫ 11:30 —Ö–ª–µ–± –ø—à–µ–Ω–∏—á–Ω—ã–π –±–µ–∑–¥—Ä–æ–∂–∂–µ–≤–æ–π –Ω–∞ –∑–∞–∫–≤–∞—Å–∫–µ!",0
–î–æ–±—Ä–æ–µ —É—Ç—Ä–æ! –ö–æ–Ω–µ—á–Ω–æüíö,0
–ë–ª–∞–≥–æ–¥–∞—Ä—é!,0
"–î–æ–±—Ä–æ–µ —É—Ç—Ä–æ, –ø–æ–¥—Å–∫–∞–∂–∏—Ç–µ, –ø–æ–∂–∞–ª—É–π—Å—Ç–∞, –º–æ–∂–µ—Ç–µ –ø—Ä–∏–≥–æ—Ç–æ–≤–∏—Ç—å —Ç—ã–∫–≤–µ–Ω–Ω—ã–π —Ö–ª–µ–±?",0
–î–æ–±—Ä—ã–π –¥–µ–Ω—å! –î–∞ üíö,0
"–ó–¥—Ä–∞–≤—Å—Ç–≤—É–π—Ç–µ, —É –≤–∞—Å –µ—Å—Ç—å —Å–µ—Ç –º–∏–Ω–∏-–±—Ä–∏–æ—à—å?",0
"–ö —Å–æ–∂–∞–ª–µ–Ω–∏—é, –±—Ä–∏–æ—à–µ–π –Ω–µ—Ç –≤ –Ω–∞–ª–∏—á–∏–∏.",0
"–ï—Å–ª–∏ –≤—ã–±–∏—Ä–∞–µ—Ç–µ –ø–æ–¥–∞—Ä–æ–∫, –µ—Å—Ç—å –¥–µ—Å–µ—Ä—Ç ¬´—Ç–∞–Ω—Ü—É—é—â–∏–µ —à–æ–∫–æ–ª–∞–¥–Ω—ã–µ –∫–æ—Ç–∏–∫–∏¬ª üêà‚Äç‚¨õ",0
–ö–∞–∂–¥—ã–π –¥–µ–Ω—å ‚Äî –≤–æ–∑–º–æ–∂–Ω–æ—Å—Ç—å —Å–¥–µ–ª–∞—Ç—å —á—Ç–æ-—Ç–æ —Ö–æ—Ä–æ—à–µ–µ! –ß–∏—Ç–∞–π—Ç–µ —Å–≤–µ–∂–∏–π –≤—ã–ø—É—Å–∫ ¬´–ó–µ–ª—ë–Ω–æ–π –º–æ–ª–Ω–∏–∏¬ª.,0
"–†–∞–±–æ—Ç–∞—é —Å –∞–≤—Ç–æ—à–∫–æ–ª–æ–π, –º–æ–≥—É –ø–æ–º–æ—á—å —Å–æ —Å–¥–∞—á–µ–π. –ï—Å—Ç—å —É—Ä–æ–∫–∏ –≤–æ–∂–¥–µ–Ω–∏—è. –ü–∏—à–∏—Ç–µ, –∫–æ–º—É –∏–Ω—Ç–µ—Ä–µ—Å–Ω–æ!",0
"–ó–¥—Ä–∞–≤—Å—Ç–≤—É–π—Ç–µ, –Ω–∞ –∑–∞–≤—Ç—Ä–∞ –º–æ–∂–Ω–æ —Ö–ª–µ–± –∑–∞–∫–∞–∑–∞—Ç—å?",0
"–î–æ–±—Ä—ã–π –≤–µ—á–µ—Ä! –ö–æ–Ω–µ—á–Ω–æ, –∫–∞–∫–æ–π —Ö–ª–µ–± –≤–∞—Å –∏–Ω—Ç–µ—Ä–µ—Å—É–µ—Ç?",0
–ö–∞–∫–∏–µ –µ—Å—Ç—å?,0
"–í –Ω–∞–ª–∏—á–∏–∏: —Ç—ã–∫–≤–µ–Ω–Ω—ã–π, –ó–µ—Ä–Ω—ã—à–∫–æ, –î–æ–º–∞—à–Ω–∏–π –Ω–∞ –∑–∞–∫–≤–∞—Å–∫–µ, –ß–∏–∞–±–∞—Ç—Ç–∞, –ë–∞–≥–µ—Ç –∏—Ç–∞–ª—å—è–Ω—Å–∫–∏–π, –ú–∞–≥ —Å —Å–µ–º–µ—á–∫–∞–º–∏. –ö–∞–∫–æ–π –∏—Å–ø–µ—á—å –¥–ª—è –≤–∞—Å?",0
"–ú–Ω–µ –∫ 15:00: 1 —Ç—ã–∫–≤–µ–Ω–Ω—ã–π, 1 –¥–æ–º–∞—à–Ω–∏–π –Ω–∞ –∑–∞–∫–≤–∞—Å–∫–µ, 1 —á–∏–∞–±–∞—Ç—Ç–∞.",0
"–î–æ–±—Ä–æ —É—Ç—Ä–æ! –•–æ—Ä–æ—à–æ, –∏—Å–ø–µ—á—ë–º üòá",0
–°–ø–∞—Å–∏–±–æ),0
–í—Å–µ–≥–¥–∞ –ø–æ–∂–∞–ª—É–π—Å—Ç–∞ üòå,0
–•–æ—Ä–æ—à–∞—è –¥–µ—è—Ç–µ–ª—å–Ω–æ—Å—Ç—å —Å –≥–∏–±–∫–∏–º –≥—Ä–∞—Ñ–∏–∫–æ–º –∏ –ø–∞—Å—Å–∏–≤–Ω—ã–º –¥–æ—Ö–æ–¥–æ–º! –°—Ç–∞–≤—å—Ç–µ ¬´+¬ª –æ–±—Å—É–¥–∏–º –¥–µ—Ç–∞–ª–∏,1
–õ—ë–≥–∫–∏–π –∑–∞—Ä–∞–±–æ—Ç–æ–∫ –æ—Ç 125–∫ —Ä—É–±–ª–µ–π –≤ –Ω–µ–¥–µ–ª—é! –ë–µ–∑–æ–ø–∞—Å–Ω–æ! –ó–∞–∏–Ω—Ç–µ—Ä–µ—Å–æ–≤–∞–ª–∏—Å—å? –ü–∏—à–∏ –≤ –ª.—Å. –∑–∞ –ø–æ–¥—Ä–æ–±–Ω–æ–π –∏–Ω—Ñ–æ—Ä–º–∞—Ü–∏–µ–π.,1
"–ñ–∏–∑–Ω—å–º–∞—Ä—Ç –ò–Ω—Ñ–æ: –û–Ω–∏–≥–∏—Ä–∏ ¬´–Æ–∫–∏¬ª ‚Äî Âπ∏ (–°—á–∞—Å—Ç—å–µ). –¶–≤–µ—Ç: –∫—Ä–∞—Å–Ω—ã–π; –Ω–∞—á–∏–Ω–∫–∞: –∫—Ä–µ–≤–µ—Ç–∫–∏-–º–∞–Ω–≥–æ. –ò—Å—Ç–æ—Ä–∏—è –≤–∫—É—Å–∞ –¥–ª—è —Ç–µ—Ö, –∫—Ç–æ –∂–∏–≤—ë—Ç —è—Ä–∫–æ –∏ –≤–∫—É—Å–Ω–æ.",0
"–ó–¥—Ä–∞–≤—Å—Ç–≤—É–π—Ç–µ! –ò—â—É –Ω–µ—Å–∫–æ–ª—å–∫–æ –ª—é–¥–µ–π –Ω–∞ –¥–∏—Å—Ç–∞–Ω—Ü–∏–æ–Ω–Ω—É—é –Ω–µ–ø–æ–ª–Ω—É—é –∑–∞–Ω—è—Ç–æ—Å—Ç—å, –±–µ–∑ –ø—Ä–∏–≤—è–∑–∫–∏ –∫ –æ—Ñ–∏—Å—É. –í–æ–∑–º–æ–∂–Ω–æ—Å—Ç—å –∑–∞—Ä–∞–±–∞—Ç—ã–≤–∞—Ç—å –¥–æ 100-200 $ –≤ –¥–µ–Ω—å. –ó–∞ –ø–æ–¥—Ä–æ–±–Ω–æ—Å—Ç—è–º–∏ ‚Äî –ø–∏—à–∏—Ç–µ –º–Ω–µ ¬´–ø–ª—é—Å¬ª.",1
"–ü—Ä–µ–¥–ª–∞–≥–∞—é —Ñ–æ—Ä–º–∞—Ç —É–¥–∞–ª—ë–Ω–Ω–æ–≥–æ –∑–∞—Ä–∞–±–æ—Ç–∫–∞ —Å –¥–æ—Ö–æ–¥–æ–º –æ—Ç 350 $ –≤ –¥–µ–Ω—å. –†–∞–±–æ—Ç–∞ –±–µ–∑ –æ—Ñ–∏—Å–∞, –º–æ–∂–Ω–æ —Å–æ–≤–º–µ—â–∞—Ç—å. –û—Ç 23 –ª–µ—Ç. –ü–∏—à–∏ ¬´+¬ª –≤ –õ–° ‚Äî —Ä–∞—Å—Å–∫–∞–∂—É —Å—É—Ç—å.",1
–ò—â—É –ø–∞—Ä—É —á–µ–ª–æ–≤–µ–∫ –¥–ª—è —É–¥–∞–ª—ë–Ω–Ω–æ–π –¥–µ—è—Ç–µ–ª—å–Ω–æ—Å—Ç–∏. –î–æ—Ö–æ–¥ –æ—Ç 250 $ –≤ –¥–µ–Ω—å. –ï—Å–ª–∏ —Ö–æ—á–µ—à—å —É–∑–Ω–∞—Ç—å –±–æ–ª—å—à–µ ‚Äî –ø–∏—à–∏ ¬´+¬ª –≤ –ª—Å!,1
–õ—ë–≥–∫–∏–π –∑–∞—Ä–∞–±–æ—Ç–æ–∫ –æ—Ç 1400 $ –≤ –Ω–µ–¥–µ–ª—é! –õ–µ–≥–∞–ª—å–Ω–æ. –ó–∞–∏–Ω—Ç–µ—Ä–µ—Å–æ–≤–∞–ª–æ? –ü–∏—à–∏ –≤ –ª.—Å. –∑–∞ –ø–æ–¥—Ä–æ–±–Ω–æ—Å—Ç—è–º–∏.,1
"–ñ–∏–∑–Ω—å–º–∞—Ä—Ç –ò–Ω—Ñ–æ: –†–æ–∑—ã–≥—Ä—ã—à 100 –æ–Ω–∏–≥–∏—Ä–∏. –ü–æ–¥–ø–∏—Å–∫–∞ –Ω–∞ 50, 30 –∏ 20 —à—Ç—É–∫. –ò—Ç–æ–≥–∏ 4 –º–∞—è –≤ 16:00.",0
–°—Ä–æ—á–Ω–æ —Ç—Ä–µ–±—É—é—Ç—Å—è 2 —á–µ–ª–æ–≤–µ–∫–∞. –ü—Ä–∏–±—ã–ª—å –æ—Ç 16 000 ‚ÇΩ –≤ –¥–µ–Ω—å. –£–¥–∞–ª—ë–Ω–∫–∞. –ü–æ–¥—Ä–æ–±–Ω–æ—Å—Ç–∏ –≤ –õ–°.,1
–û–Ω–ª–∞–π–Ω-–≤–æ–∑–º–æ–∂–Ω–æ—Å—Ç—å —Å –≥–∏–±–∫–∏–º –≥—Ä–∞—Ñ–∏–∫–æ–º (1‚Äì2 —á/–¥–µ–Ω—å). –î–æ—Ö–æ–¥ –æ—Ç 350 $ –≤ –Ω–µ–¥–µ–ª—é. –ò–Ω—Ç–µ—Ä–µ—Å–Ω–æ? –ù–∞–ø–∏—à–∏ ¬´+¬ª –≤ –õ–°!,1
"–ò—â—É –æ—Ç–≤–µ—Ç—Å—Ç–≤–µ–Ω–Ω—ã—Ö –ª—é–¥–µ–π –¥–ª—è –æ–Ω–ª–∞–π–Ω-–∑–∞—Ä–∞–±–æ—Ç–∫–∞ –æ—Ç 150 $ –≤ –¥–µ–Ω—å. –õ–µ–≥–∞–ª—å–Ω–æ, –æ–±—É—á–µ–Ω–∏–µ, –ø–æ–¥–¥–µ—Ä–∂–∫–∞. –í–æ–∑—Ä–∞—Å—Ç 23+. –ü–∏—à–∏ ¬´+¬ª –≤ –õ–°.",1
–ï—Å—Ç—å –º–µ—Å—Ç–∞ –Ω–∞ —É–¥–∞–ª—ë–Ω–∫—É —Å —Ö–æ—Ä–æ—à–∏–º –¥–æ—Ö–æ–¥–æ–º (1‚Äì2 —á/–¥–µ–Ω—å). –ü–∏—à–∏—Ç–µ ¬´+¬ª –≤ –õ–° –∑–∞ –¥–µ—Ç–∞–ª—è–º–∏!,1
–ï—Å—Ç—å –≤–æ–∑–º–æ–∂–Ω–æ—Å—Ç—å –∑–∞—Ä–∞–±–æ—Ç–∞—Ç—å –æ—Ç 1200 $ –≤ –Ω–µ–¥–µ–ª—é. –ò—â—É –ø–∞—Ä—Ç–Ω—ë—Ä–æ–≤. –ü–∏—à–∏—Ç–µ –≤ –ª–∏—á–Ω—ã–µ —Å–æ–æ–±—â–µ–Ω–∏—è.,1
–ê–Ω–¥—Ä–µ–π: –î–æ–±—Ä—ã–π –¥–µ–Ω—å! –ò—Å–ø–µ—á—ë—Ç–µ –∫ 12:00 —Ö–ª–µ–± –ø—à–µ–Ω–∏—á–Ω—ã–π –Ω–∞ –∑–∞–∫–≤–∞—Å–∫–µ –±–µ–∑ –¥—Ä–æ–∂–∂–µ–π?,0
"–ï–∫–∞—Ç–µ—Ä–∏–Ω–∞ –ü—é—Ä–µ—à–∫–∏–Ω–∞: –î–æ–±—Ä—ã–π –¥–µ–Ω—å! –•–æ—Ä–æ—à–æ, –±—É–¥–µ—Ç —Å–¥–µ–ª–∞–Ω–æ üòä",0
–ê–Ω–¥—Ä–µ–π: –ù–∞ –∏–º—è –ñ–∞–Ω–Ω–∞. –ë–ª–∞–≥–æ–¥–∞—Ä—é.,0
–î–æ–±—Ä—ã–π –¥–µ–Ω—å! –ò—â—É –Ω–µ—Å–∫–æ–ª—å–∫–æ –ª—é–¥–µ–π –Ω–∞ –¥–∏—Å—Ç–∞–Ω—Ü–∏–æ–Ω–Ω—É—é –Ω–µ–ø–æ–ª–Ω—É—é –∑–∞–Ω—è—Ç–æ—Å—Ç—å‚Ä¶ (–¥–æ 100-200 $ –≤ –¥–µ–Ω—å). –ü–∏—à–∏—Ç–µ ¬´–ø–ª—é—Å¬ª.,1
–°—Ä–æ—á–Ω–æ —Ç—Ä–µ–±—É—é—Ç—Å—è 2 —á–µ–ª–æ–≤–µ–∫–∞. –ü—Ä–∏–±—ã–ª—å–Ω–æ—Å—Ç—å –æ—Ç 15 000 ‚ÇΩ –≤ –¥–µ–Ω—å. –£–¥–∞–ª—ë–Ω–∫–∞. –ü–æ–¥—Ä–æ–±–Ω–æ—Å—Ç–∏ –≤ –õ–°!,1
–ñ–∏–∑–Ω—å–º–∞—Ä—Ç –ò–Ω—Ñ–æ: ¬´–õ–∞—Ç—Ç–µ –¢—ë–º–Ω–∞—è –í–∏—à–Ω—è¬ª –∏ ¬´–ú–∞–Ω–≥–æ–≤—ã–π –ë–∞–º–±–ª¬ª –∫–æ –î–Ω—é –ö–æ—Å–º–æ–Ω–∞–≤—Ç–∏–∫–∏ ‚Äî –¥–≤–∞ –Ω–æ–≤—ã—Ö –≤–∫—É—Å–∞.,0
"Motsiel.t.me: ‚òïÔ∏è –í—Å–µ –≤–∞—Ä–∏–∞–Ω—Ç—ã —Ä–∞—Ñ–∞ —Å–Ω–æ–≤–∞ –≤ –Ω–∞–ª–∏—á–∏–∏! –ö–ª–∞—Å—Å–∏—á–µ—Å–∫–∏–π, —Å–æ–ª—ë–Ω–∞—è –∫–∞—Ä–∞–º–µ–ª—å, —Å–∏—Ä–æ–ø –Ω–∞ –≤—ã–±–æ—Ä. –ñ–¥—ë–º –Ω–∞ –ù–æ–≤–∞—Ç–æ—Ä–æ–≤ 8–≤.",0
"–¥–µ–Ω—á–∏–∫: –ó–¥—Ä–∞–≤—Å—Ç–≤—É–π—Ç–µ, –≤ –Ω–∞–ª–∏—á–∏–∏ –µ—Å—Ç—å –∂–∞—Ä–µ–Ω—ã–π –æ–Ω–∏–≥–∏—Ä–∏ —Å –±–µ–∫–æ–Ω–æ–º?",0
"Motsiel.t.me: –ö —Å–æ–∂–∞–ª–µ–Ω–∏—é, –∂–∞—Ä–µ–Ω—ã–µ –æ–Ω–∏–≥–∏—Ä–∏ –∑–∞–∫–æ–Ω—á–∏–ª–∏—Å—å. –û—Å—Ç–∞–ª—Å—è –æ–º–∏—Å—É–±–∏, –æ—Ç–ª–æ–∂–∏—Ç—å?",0
"–¥–µ–Ω—á–∏–∫: –ù–µ—Ç, —Å–ø–∞—Å–∏–±–æ.",0
–ü—Ä–∏–≤–µ—Ç! –°—Ä–æ—á–Ω–æ –Ω—É–∂–Ω—ã –µ—â—ë 2 —á–µ–ª–æ–≤–µ–∫–∞ –Ω–∞ —É–¥–∞–ª—ë–Ω–Ω—É—é –∑–∞–Ω—è—Ç–æ—Å—Ç—å. –ù—É–∂–µ–Ω —Ç–æ–ª—å–∫–æ —Ç–µ–ª–µ—Ñ–æ–Ω –∏–ª–∏ –∫–æ–º–ø—å—é—Ç–µ—Ä. –ü–∏—à–∏ ¬´+¬ª –≤ –õ–°!,1
–ö–æ–º—É –∏–Ω—Ç–µ—Ä–µ—Å–Ω–æ –ø–æ–ª—É—á–∞—Ç—å 650 $ –≤ –¥–µ–Ω—å ‚Äî –Ω–∞–ø–∏—à–∏—Ç–µ ¬´—Å—Ç–∞—Ä—Ç¬ª –≤ –ª–∏—á–Ω—ã–µ —Å–æ–æ–±—â–µ–Ω–∏—è.,1
–ï—Å—Ç—å —Å–ø–æ—Å–æ–± –ø–æ–ª—É—á–∞—Ç—å –æ—Ç 280 $ –≤ –¥–µ–Ω—å. –ò–Ω—Ç–µ—Ä–µ—Å–Ω–æ? –ù–∞–ø–∏—à–∏—Ç–µ ¬´–ø–ª—é—Å¬ª –≤ –ª–∏—á–∫—É ‚Äî –¥–∞–º –∫–æ–Ω–∫—Ä–µ—Ç–∏–∫—É.,1
"–ê–Ω–¥—Ä–µ–π: –î–æ–±—Ä–æ–µ —É—Ç—Ä–æ ‚òÄÔ∏è –ò—Å–ø–µ—á—ë—Ç–µ —Ö–ª–µ–± –ø—à–µ–Ω–∏—á–Ω—ã–π –±–µ–∑–¥—Ä–æ–∂–∂–µ–≤–æ–π –Ω–∞ –∑–∞–∫–≤–∞—Å–∫–µ –∫ 12:00, –Ω–∞ –∏–º—è –ñ–∞–Ω–Ω–∞?",0
–í–ª–∞–¥–∞: –î–æ–±—Ä–æ–µ —É—Ç—Ä–æ! –ö–æ–Ω–µ—á–Ω–æ üëç,0
–ê–Ω–¥—Ä–µ–π: –ë–ª–∞–≥–æ–¥–∞—Ä—é,0
"–ö—Å—é: –ó–¥—Ä–∞–≤—Å—Ç–≤—É–π—Ç–µ, —Å–∫–æ–ª—å–∫–æ –ø–æ –≤—Ä–µ–º–µ–Ω–∏ –≥–æ—Ç–æ–≤–∏—Ç—Å—è —Ö–ª–µ–±?",0
–ñ–∏–∑–Ω—å–º–∞—Ä—Ç –ù–æ–≤–∞—Ç–æ—Ä–æ–≤ 8–≤: –ó–µ—Ä–Ω—ã—à–∫–æ ‚Äî —á–∞—Å. –°–¥–µ–ª–∞—Ç—å –≤–∞–º? üòä,0
"–ö—Å—é: –î–∞, –ø–æ–∂–∞–ª—É–π—Å—Ç–∞, –Ω–∞–ø–∏—à–∏—Ç–µ –ø–æ –≥–æ—Ç–æ–≤–Ω–æ—Å—Ç–∏ ü•π",0
"‡∏Ä‡∏Ä: –ó–¥—Ä–∞–≤—Å—Ç–≤—É–π—Ç–µ, –∫–æ–∫–æ—Å–æ–≤—ã–π –º–æ–∫–∫–æ –ø–æ—è–≤–∏–ª—Å—è?",0
"–ö–∏—Ä–∏–ª–ª –ë—Ä—É—Å–∫–æ–≤: –ó–¥—Ä–∞–≤—Å—Ç–≤—É–π—Ç–µ, –¥–∞ üòå",0
"–ê–Ω–Ω–∞: –•–æ—Ç–∏—Ç–µ –∑–∞—Ä–∞–±–∞—Ç—ã–≤–∞—Ç—å 800+ $ –≤ –Ω–µ–¥–µ–ª—é? –ì–∏–±–∫–∏–π –≥—Ä–∞—Ñ–∏–∫, –æ–±—É—á–µ–Ω–∏–µ –±–µ—Å–ø–ª–∞—Ç–Ω–æ, –æ—Ç 21 –≥–æ–¥–∞. –ü–∏—à–∏—Ç–µ @Alexey_771.",1
"–°–≤–µ—Ç–ª–∞–Ω–∞ –ë—Ä–µ–¥–Ω–µ–≤–∞: –î–æ–±—Ä–æ–µ —É—Ç—Ä–æ, –∫–∞–∫ –æ–±—ã—á–Ω–æ, –ø—Ä–∏–±–µ–≥—É —á–µ—Ä–µ–∑ 5 –º–∏–Ω.",0
"–î–æ–±—Ä–æ–≥–æ –¥–Ω—è, –¥—Ä—É–∑—å—è! –°–≤–µ–∂–∏–π –∫–æ—Ñ–µ –∏ –≤—ã–ø–µ—á–∫–∞ –∂–¥—É—Ç –≤–∞—Å –≤ –ñ–∏–∑–Ω—å–º–∞—Ä—Ç –Ω–∞ –ù–æ–≤–∞—Ç–æ—Ä–æ–≤ 8–≤.",0
"–ê–Ω–¥—Ä–µ–π: –î–æ–±—Ä—ã–π –¥–µ–Ω—å! –ò—Å–ø–µ—á—ë—Ç–µ —Ö–ª–µ–± –ø—à–µ–Ω–∏—á–Ω—ã–π –±–µ–∑–¥—Ä–æ–∂–∂–µ–≤–æ–π –Ω–∞ –∑–∞–∫–≤–∞—Å–∫–µ? –ù–∞ –∏–º—è –ê–Ω–¥—Ä–µ–π, –∑–∞–±–µ—Ä—É –≤ —Ç–µ—á–µ–Ω–∏–µ –¥–Ω—è.",0
–ù–∏—á–∫–∞: –í–∞—à —Ö–ª–µ–±—É—à–µ–∫ –≥–æ—Ç–æ–≤! üíö,0
–ñ–∏–∑–Ω—å–º–∞—Ä—Ç –ò–Ω—Ñ–æ: –û–Ω–∏–≥–∏—Ä–∏ ¬´–•–æ—à–∏¬ª ‚Äî Êòü (–ó–≤–µ–∑–¥–∞). –¶–≤–µ—Ç: –±–µ–ª—ã–π; –Ω–∞—á–∏–Ω–∫–∞: –∫—É—Ä–∏—Ü–∞ –≤ —Å–ª–∏–≤–æ—á–Ω–æ–º —Å–æ—É—Å–µ. –î–ª—è —Ü–µ–Ω—è—â–∏—Ö —á–∏—Å—Ç–æ—Ç—É –º–æ–º–µ–Ω—Ç–∞.,0
–°—Ä–æ—á–Ω–æ —Ç—Ä–µ–±—É—é—Ç—Å—è 2 —á–µ–ª–æ–≤–µ–∫–∞. –ó–∞—Ä–∞–±–æ—Ç–æ–∫ –æ—Ç 16 000 ‚ÇΩ –≤ –¥–µ–Ω—å. –£–¥–∞–ª—ë–Ω–∫–∞. ¬´+¬ª –≤ –õ–°.,1
–ï–∫–∞—Ç–µ—Ä–∏–Ω–∞ –ü—é—Ä–µ—à–∫–∏–Ω–∞: –ü–∞—Å—Ö–∞–ª—å–Ω—ã–µ –∫—É–ª–∏—á–∏ ‚Äî –∫–ª–∞—Å—Å–∏—á–µ—Å–∫–∏–π —Å –∏–∑—é–º–æ–º –∏ –ø—Ä—è–Ω—ã–π. –ñ–¥—ë–º –≤ –º–∞–≥–∞–∑–∏–Ω–µ!,0
"–ù—É–∂–Ω—ã –ª—é–¥–∏ –¥–ª—è –∑–∞—Ä–∞–±–æ—Ç–∫–∞, –∫–æ–º—É –∏–Ω—Ç–µ—Ä–µ—Å–Ω–æ ‚Äî –∂–¥—É –≤ –ª—Å.",1
"–ü—Ä–∏–≤–µ—Ç, –Ω—É–∂–Ω–æ –±—É–∫–≤–∞–ª—å–Ω–æ 2 —á–µ–ª–æ–≤–µ–∫–∞. –ó–∞—Ä–∞–±–æ—Ç–æ–∫ –æ—Ç 12 000 ‚ÇΩ –≤ –¥–µ–Ω—å, —Ç–µ–ª–µ—Ñ–æ–Ω/–ü–ö. –ü–æ–¥—Ä–æ–±–Ω–æ—Å—Ç–∏ ‚Äî @EVGENIYARUHR",1
–¢—Ä–µ–±—É—é—Ç—Å—è 2 —á–µ–ª–æ–≤–µ–∫–∞. –û–ø–ª–∞—Ç–∞ –æ—Ç 900 $ –≤ –Ω–µ–¥–µ–ª—é. –£–¥–∞–ª—ë–Ω–Ω–æ. ¬´+¬ª –≤ –õ–°.,1
–ü—Ä–∏–≤–µ—Ç! –ò—â—É 2‚Äì3 —á–µ–ª–æ–≤–µ–∫–∞ –≤ –º–∏–Ω–∏-–∫–æ–º–∞–Ω–¥—É. –ü—Ä–∏–±—ã–ª—å 100-140 $ –≤ –¥–µ–Ω—å. –í–æ–∑—Ä–∞—Å—Ç 20+. –ü–∏—à–∏ ¬´+¬ª.,1
–ò—â—É –ª—é–¥–µ–π –Ω–∞ –¥–∏—Å—Ç–∞–Ω—Ü–∏–æ–Ω–Ω—É—é –¥–µ—è—Ç–µ–ª—å–Ω–æ—Å—Ç—å. –ü–æ—Ç–µ–Ω—Ü–∏–∞–ª—å–Ω—ã–π –∑–∞—Ä–∞–±–æ—Ç–æ–∫ –¥–æ 150-200 $ –≤ —Å—É—Ç–∫–∏. –û—Ç–ø—Ä–∞–≤—å ¬´+¬ª.,1
"–ó–∞–Ω—è—Ç–æ—Å—Ç—å –±–µ–∑ –ø—Ä–∏–≤—è–∑–∫–∏ –∫ –º–µ—Å—Ç—É, –¥–æ—Ö–æ–¥ –æ—Ç 110 $ –≤ –¥–µ–Ω—å. –ü–∏—à–∏—Ç–µ!",1
"–ñ–∏–∑–Ω—å–º–∞—Ä—Ç –ò–Ω—Ñ–æ: –ø–æ–ª–µ–∑–Ω–æ–µ –º–µ–Ω—é (–∫—É—Ä–∏–Ω–∞—è –≥—Ä—É–¥–∫–∞ —Å –∫–∏–Ω–æ–∞, –∏–Ω–¥–µ–π–∫–∞ —Å –±—É–ª–≥—É—Ä–æ–º –∏ —Ç.–¥.) –æ—Ç –Ω—É—Ç—Ä–∏—Ü–∏–æ–ª–æ–≥–∞ –¢–∞—Ç—å—è–Ω—ã –°–µ—Ä–≥–µ–µ–≤–æ–π.",0
"–ü—Ä–∏–≤–µ—Ç, –Ω—É–∂–Ω—ã –ª—é–¥–∏ —É–¥–∞–ª—ë–Ω–Ω–æ, –∑–∞—Ä–∞–±–æ—Ç–æ–∫ –æ—Ç 12 000 ‚ÇΩ –≤ –Ω–µ–¥–µ–ª—é. –ü–∏—à–∏ ¬´+¬ª.",1
–ö—Å—é: –î–æ–±—Ä—ã–π –¥–µ–Ω—å! –ú–æ–∂–Ω–æ –∏—Å–ø–µ—á—å —Ö–ª–µ–± ¬´–ó–µ—Ä–Ω—ã—à–∫–æ¬ª –Ω–∞ –∏–º—è –î–º–∏—Ç—Ä–∏–π –∏ –Ω–∞–ø–∏—Å–∞—Ç—å –ø–æ –≥–æ—Ç–æ–≤–Ω–æ—Å—Ç–∏?,0
"I—â—É –ª—é–¥–µ–π –¥–ª—è –¥–æ–ø. –∑–∞—Ä–∞–±–æ—Ç–∫–∞ –æ—Ç 35 000 ‚ÇΩ –≤ –Ω–µ–¥–µ–ª—é, –≤—Å—ë –≤ –ª–∏—á–∫—É.",1
"–ù—É–∂–Ω–æ –ø–æ–ø–æ–ª–Ω–µ–Ω–∏–µ –≤ –∫–æ–º–∞–Ω–¥—É! –°–æ—Ç—Ä—É–¥–Ω–∏—á–µ—Å—Ç–≤–æ –∏ –¥–æ—Å—Ç–æ–π–Ω—ã–π –∑–∞—Ä–∞–±–æ—Ç–æ–∫, –æ–±—É—á–µ–Ω–∏–µ —Å –Ω—É–ª—è. –ü–∏—à–∏—Ç–µ –≤ –ª—Å.",1
–ñ–∏–∑–Ω—å–º–∞—Ä—Ç –ò–Ω—Ñ–æ: –û–Ω–∏–≥–∏—Ä–∏ ¬´–£–Ω–∫–∞–π¬ª ‚Äî ÈÄÜÁïå (–û–±—Ä–∞—Ç–Ω–∞—è —Å—Ç–æ—Ä–æ–Ω–∞ –æ–±–ª–∞–∫–æ–≤). –¶–≤–µ—Ç: —á—ë—Ä–Ω—ã–π; –Ω–∞—á–∏–Ω–∫–∞: –ª–æ—Å–æ—Å—å —Å –∞–ø–µ–ª—å—Å–∏–Ω–æ–º.,0
"–ò—â–µ–º –ª—é–¥–µ–π –¥–ª—è —É–¥–∞–ª—ë–Ω–Ω–æ–≥–æ –¥–æ—Ö–æ–¥–∞, –æ–±—É—á–∞–µ–º. –î–æ—Ö–æ–¥ –æ—Ç 700 $ –≤ –Ω–µ–¥–µ–ª—é. –ü–∏—à–∏ –≤ –õ–°.",1
–°—Ç–∞–±–∏–ª—å–Ω—ã–π –æ–Ω–ª–∞–π–Ω-–¥–æ—Ö–æ–¥ –¥–æ 150 $ –≤ –¥–µ–Ω—å. –ü–∏—à–∏ ¬´–ø–ª—é—Å¬ª –∑–∞ –¥–µ—Ç–∞–ª—è–º–∏.,1
–ò—â—É –ø–∞—Ä—Ç–Ω—ë—Ä–æ–≤ –¥–ª—è –ø–∞—Å—Å–∏–≤–Ω–æ–≥–æ –∑–∞—Ä–∞–±–æ—Ç–∫–∞ –¥–æ 26 000 ‚ÇΩ –≤ –¥–µ–Ω—å. –ü–∏—à–∏—Ç–µ –≤ –ª–∏—á–Ω—ã–µ.,1
"–ñ–∏–∑–Ω—å–º–∞—Ä—Ç –ò–Ω—Ñ–æ: –ü–∞—Å—Ö–∞ –±–ª–∏–∑–∫–æ ‚Äî –Ω–µ–æ–±—ã—á–Ω—ã–µ –¥–µ—Å–µ—Ä—Ç—ã, –Ω–æ–≤–æ—Å—Ç–∏ –∏ —Ä–µ–∫–æ—Ä–¥ –û–≤–µ—á–∫–∏–Ω–∞. –°—Å—ã–ª–∫–∞ –Ω–∞ –≤—ã–ø—É—Å–∫ 15/04/2025.",0
"–ü—Ä–µ–¥–ª–∞–≥–∞–µ–º –≤–∞—Ä–∏–∞–Ω—Ç –¥–ª—è –∑–∞–Ω—è—Ç—ã—Ö: –≥–∏–±–∫–∏–π —Ñ–æ—Ä–º–∞—Ç, –¥–æ—Ö–æ–¥ –¥–æ 150 $ –≤ –¥–µ–Ω—å. –ù–∞–ø–∏—à–∏—Ç–µ ‚Äî –æ–±—ä—è—Å–Ω—é –¥–µ—Ç–∞–ª–∏.",1
–û–Ω–ª–∞–π–Ω-–¥–æ—Ö–æ–¥ –¥–æ 100-120 $ –≤ –¥–µ–Ω—å. –ü–∏—à–∏—Ç–µ ¬´–ø–ª—é—Å¬ª –∑–∞ –ø–æ–¥—Ä–æ–±–Ω–æ—Å—Ç—è–º–∏.,1
–°—Ä–æ—á–Ω–æ —Ç—Ä–µ–±—É—é—Ç—Å—è 2 —á–µ–ª–æ–≤–µ–∫–∞. –ü—Ä–∏–±—ã–ª—å –æ—Ç 16 000 ‚ÇΩ –≤ –¥–µ–Ω—å. –£–¥–∞–ª—ë–Ω–∫–∞. –ü–æ–¥—Ä–æ–±–Ω–æ—Å—Ç–∏ –≤ –ª—Å.,1
"–ü—Ä–µ–¥–ª–∞–≥–∞—é —É–¥–∞–ª—ë–Ω–∫—É –Ω–∞ –æ—Ç–ª–∏—á–Ω—ã—Ö —É—Å–ª–æ–≤–∏—è—Ö, –∑–∞–∏–Ω—Ç–µ—Ä–µ—Å–æ–≤–∞–Ω–Ω—ã–µ ¬´+¬ª –≤ –ª–∏—á–∫—É",1
"–ü—Ä–∏–≤–µ—Ç—Å—Ç–≤—É—é, —É –º–µ–Ω—è –µ—Å—Ç—å –ø—Ä–∏–±—ã–ª—å–Ω–æ–µ –ø—Ä–µ–¥–ª–æ–∂–µ–Ω–∏–µ (1500 $ –≤ –Ω–µ–¥–µ–ª—é, –¥–∏—Å—Ç–∞–Ω—Ü–∏–æ–Ω–Ω—ã–π —Ñ–æ—Ä–º–∞—Ç, 18+). –ó–∞ –ø–æ–¥—Ä–æ–±–Ω–æ—Å—Ç—è–º–∏ –ø–∏—à–∏—Ç–µ –≤ –ª—Å",1
"–î–æ–±—Ä—ã–π –¥–µ–Ω—å, –∏—â—É –ª—é–¥–µ–π, –∫–æ–º—É –∏–Ω—Ç–µ—Ä–µ—Å–µ–Ω –∑–∞—Ä–∞–±–æ—Ç–æ–∫ –æ—Ç 1300 $ –≤ –Ω–µ–¥–µ–ª—é. –ü–∏—à–∏—Ç–µ –≤ –ª–∏—á–Ω—ã–µ —Å–æ–æ–±—â–µ–Ω–∏—è.",1
"–í–æ–∑–º–æ–∂–Ω–æ—Å—Ç—å —Å–æ—Ç—Ä—É–¥–Ω–∏—á–µ—Å—Ç–≤–∞: –∑–∞—Ä–∞–±–æ—Ç–æ–∫ 2000-4000 $ –≤ –º–µ—Å—è—Ü, –Ω–µ–ø–æ–ª–Ω–∞—è –∑–∞–Ω—è—Ç–æ—Å—Ç—å, –æ–±—É—á–µ–Ω–∏–µ, –¥–∏—Å—Ç–∞–Ω—Ü–∏–æ–Ω–Ω–æ. –ñ–¥—É –≤ —á–∞—Ç–µ.",1
–ï–∫–∞—Ç–µ—Ä–∏–Ω–∞ –ü—é—Ä–µ—à–∫–∏–Ω–∞: –•–æ—Ä–æ—à–æ!,0
–ê–Ω–¥—Ä–µ–π: –ë–ª–∞–≥–æ–¥–∞—Ä—é,0
"–ü—Ä–∏–≤e—Ç, –Ωy–∂–Ω–æ –±—É–∫–≤–∞–ª—å–Ω–æ 2 —á–µ–ª–æ–≤–µ–∫–∞. –ú–æ–∂–Ω–æ –∑–∞—Ä–∞–±–æ—Ç—ã–≤–∞—Ç—å —Å –¥–æ–º–∞, –∏–º–µ—è —Çe–ªe—Ño–Ω –∏–ª–∏ –∫o–º–ø—å—é—Ç–µ—Ä. –û—Ç 200 –∑e–ª—ë–Ω—ã—Ö –≤ –¥–µ–Ω—å. –ó–∞ –ø–æ–¥—Ä–æ–±–Ω–æ—Å—Ç—è–º–∏ –ø–∏—à–µ—Ç–µ –µ–π ‚Äì @EVGENIYARUHR",1
"–ü—Ä–∏–≤e—Ç, –Ωy–∂–Ω–æ –±—É–∫–≤–∞–ª—å–Ω–æ 2 —á–µ–ª–æ–≤–µ–∫–∞. –ú–æ–∂–Ω–æ –∑–∞—Ä–∞–±–æ—Ç—ã–≤–∞—Ç—å —Å –¥–æ–º–∞, –∏–º–µ—è —Çe–ªe—Ño–Ω –∏–ª–∏ –∫o–º–ø—å—é—Ç–µ—Ä. –û—Ç 200 –∑e–ª—ë–Ω—ã—Ö –≤ –¥–µ–Ω—å. –ó–∞ –ø–æ–¥—Ä–æ–±–Ω–æ—Å—Ç—è–º–∏ –ø–∏—à–µ—Ç–µ –≤ –õ–° ¬´+¬ª.",1
"–¥–µ–Ω—á–∏–∫: –ó–¥—Ä–∞–≤—Å—Ç–≤—É–π—Ç–µ, –∞ –≤—ã —Å–µ–≥–æ–¥–Ω—è —Å–º–æ–∂–µ—Ç–µ —Ä–∞–∑–º–µ–Ω—è—Ç—å –º–µ–ª–æ—á—å?",0
–ï–∫–∞—Ç–µ—Ä–∏–Ω–∞ –ü—é—Ä–µ—à–∫–∏–Ω–∞: –ó–¥—Ä–∞–≤—Å—Ç–≤—É–π—Ç–µ! –ê —Å–∫–æ–ª—å–∫–æ —É –≤–∞—Å –º–µ–ª–æ—á–∏?,0
–¥–µ–Ω—á–∏–∫: 170,0
"–ï–∫–∞—Ç–µ—Ä–∏–Ω–∞ –ü—é—Ä–µ—à–∫–∏–Ω–∞: –î–∞, —Å–º–æ–∂–µ–º",0
"–¥–µ–Ω—á–∏–∫: –ò –º–æ–∂–µ—Ç–µ, –ø–æ–∂–∞–ª—É–π—Å—Ç–∞, –æ—Ç–ª–æ–∂–∏—Ç—å –∂–∞—Ä–µ–Ω—ã–π –æ–Ω–∏–≥–∏—Ä–∏ —Å –±–µ–∫–æ–Ω–æ–º 1 —à—Ç—É–∫—É",0
"–ï–∫–∞—Ç–µ—Ä–∏–Ω–∞ –ü—é—Ä–µ—à–∫–∏–Ω–∞: –û–Ω–∏, –∫ —Å–æ–∂–∞–ª–µ–Ω–∏—é, –∑–∞–∫–æ–Ω—á–∏–ª–∏—Å—å, –Ω–æ –æ—Å—Ç–∞–ª—Å—è –≥–æ—Ä—è—á–∏–π –æ–Ω–∏–≥–∏—Ä–∏ —Å –∫—É—Ä–∏–Ω—ã–º —Ñ–∏–ª–µ",0
–•–æ—Ç–∏—Ç–µ —Å –ª—ë–≥–∫–æ—Å—Ç—å—é –∑–∞—Ä–∞–±–∞—Ç—ã–≤–∞—Ç—å –æ—Ç 635 –¥–æ–ª–ª. –≤ –¥–µ–Ω—å? –ü—Ä–µ–¥–æ—Å—Ç–∞–≤–ª—è—é –ª–µ–≥–∞–ª—å–Ω—ã–π –∑–∞—Ä–∞–±–æ—Ç–æ–∫. –ò–Ω—Ç–µ—Ä–µ—Å–Ω–æ? –ü–∏—à–∏—Ç–µ –≤ –ª–∏—á–Ω—ã–µ –∑–∞ –ø–æ–¥—Ä–æ–±–Ω–æ—Å—Ç—è–º–∏!,1
–ü—Ä–∏–≤–µ—Ç! –í–µ–¥—É –Ω–∞–±–æ—Ä –Ω–∞ –¥–∏—Å—Ç–∞–Ω—Ü–∏–æ–Ω–Ω—É—é –Ω–µ–ø–æ–ª–Ω—É—é –∑–∞–Ω—è—Ç–æ—Å—Ç—å. –î–æ—Ö–æ–¥ ‚Äî –¥–æ 150-200 –¥–æ–ª–ª–∞—Ä–æ–≤ –≤ –¥–µ–Ω—å. –î–ª—è –ø–æ–ª—É—á–µ–Ω–∏—è –¥–µ—Ç–∞–ª–µ–π ‚Äî –Ω–∞–ø–∏—à–∏—Ç–µ ¬´+¬ª. –ñ–µ–ª–∞—é —É–¥–∞—á–∏!,1
"–¥–µ–Ω—á–∏–∫: –ó–¥—Ä–∞–≤—Å—Ç–≤—É–π—Ç–µ, –∞ –∫–æ–≥–¥–∞ –≤–∞–º —Ç–æ–≥–¥–∞ –∏—Ö –∑–∞–≤–µ–∑—É—Ç?",0
–í–ª–∞–¥–∞: –î–æ–±—Ä—ã–π –¥–µ–Ω—å! –ó–∞–≤—Ç—Ä–∞ —É—Ç—Ä–æ–º –ø—Ä–∏–≤–µ–∑—É—Ç üòä,0
–¥–µ–Ω—á–∏–∫: –°–ø–∞—Å–∏–±–æ üëÄ,0
"–ñ–∏–∑–Ω—å–º–∞—Ä—Ç –ò–Ω—Ñ–æ: –•–æ—Ç–∏–º —Ä–∞–¥–æ–≤–∞—Ç—å –≤–∞—Å –Ω–µ —Ç–æ–ª—å–∫–æ –∫–ª–∞—Å—Å–Ω—ã–º–∏ –ø–æ—Å—Ç–∞–º–∏, –Ω–æ –∏ —Å—Ç–æ—Ä–∏—Å üíõ ‚Ä¶ (–æ–ø—Ä–æ—Å –æ boost-–ø–æ–¥–ø–∏—Å–∫–µ)",0
"–£–¥–∞–ª—ë–Ω–Ω–∞—è –∑–∞–Ω—è—Ç–æ—Å—Ç—å, –æ—Ç 130 $ –≤ –¥–µ–Ω—å. –ü–∏—à–∏—Ç–µ!",1
"–ü—Ä–∏–≤–µ—Ç—Å—Ç–≤—É—é! –ò—â—É –∑–∞–∏–Ω—Ç–µ—Ä–µ—Å–æ–≤–∞–Ω–Ω—ã—Ö –≤ –¥–æ–ø–æ–ª–Ω–∏—Ç–µ–ª—å–Ω–æ–º –ø–∞—Å—Å–∏–≤–Ω–æ–º –¥–æ—Ö–æ–¥–µ –≤ —É–¥–æ–±–Ω–æ–µ –≤—Ä–µ–º—è. –í—Å—ë –ø—Ä–æ—Å—Ç–æ, –±–µ–∑ –ø—Ä–∏–≤—è–∑–∫–∏ –∫ –º–µ—Å—Ç—É. –ü–æ–¥—Ä–æ–±–Ω–æ—Å—Ç–∏ ‚Äî –≤ –ª–∏—á–Ω—ã—Ö —Å–æ–æ–±—â–µ–Ω–∏—è—Ö!",1
–í –ø–æ–∏—Å–∫–∞—Ö –ª—é–¥–µ–π –ù–ê –£–î–ê–õ–Å–ù–ö–£ —Å —Ö–æ—Ä–æ—à–∏–º –¥–æ—Ö–æ–¥–æ–º (–∑–∞–Ω—è—Ç–æ—Å—Ç—å –¥–æ 2-3 —á–∞—Å–æ–≤/–¥–µ–Ω—å). –ü–∏—à–∏—Ç–µ –≤ –ª—Å ¬´+¬ª.,1
"ü§ç: –ó–¥—Ä–∞–≤—Å—Ç–≤—É–π—Ç–µ! –ü–æ–¥—Å–∫–∞–∂–∏—Ç–µ, –ø–æ–∂–∞–ª—É–π—Å—Ç–∞, –≤ —ç—Ç–æ–º –≥–æ–¥—É –±—É–¥—É—Ç –∫—É–ª–∏—á–∏–∫–∏ –∫ –ü–∞—Å—Ö–µ? ü•∞",0
–í–ª–∞–¥–∞: –î–æ–±—Ä—ã–π –≤–µ—á–µ—Ä! –°–µ–π—á–∞—Å —É—Ç–æ—á–Ω–∏–º –∏–Ω—Ñ–æ—Ä–º–∞—Ü–∏—é –∏ –æ–±—è–∑–∞—Ç–µ–ª—å–Ω–æ –æ—Ç–≤–µ—Ç–∏–º –≤–∞–º üåø,0
–ù—É–∂–Ω—ã –ª—é–¥–∏ –≤ –∫–æ–º–∞–Ω–¥—É. –ü—Ä–∏—è—Ç–Ω—ã–π –ó–ê–†–ê–ë–û–¢–û–ö –æ—Ç 200 $ –≤ –¥–µ–Ω—å. –ï—Å–ª–∏ –∏–Ω—Ç–µ—Ä–µ—Å—É–µ—Ç –ø–æ–¥—Ä–æ–±–Ω–∞—è –∏–Ω—Ñ–æ—Ä–º–∞—Ü–∏—è ¬´+¬ª –≤ –ª—Å,1
"Barbara: –¥–æ–±—Ä—ã–π! –ü–æ–¥—Å–∫–∞–∂–µ—Ç–µ, –ø–æ–∂–∞–ª—É–π—Å—Ç–∞, –∞ —Ä–∞—Ñ –¥–æ —Å–∏—Ö –ø–æ—Ä –≤ —Å—Ç–æ–ø–µ?",0
"ü§ç: –ë—É–¥—É –∂–¥–∞—Ç—å, —Å–ø–∞—Å–∏–±–æ ü´∂",0
"–í–ª–∞–¥–∞: –î–æ–±—Ä—ã–π –≤–µ—á–µ—Ä! –ö —Å–æ–∂–∞–ª–µ–Ω–∏—é, –¥–∞ ü•∫",0
"Barbara: –≠–º–æ–µ ( ‚Ä¶ –ø–æ—á–µ–º—É –æ–±—ã—á–Ω–æ–≥–æ –Ω–µ—Ç? –ù–µ–∏–∑–≤–µ—Å—Ç–Ω–æ, –∫–æ–≥–¥–∞ –ø–æ—è–≤–∏—Ç—Å—è?",0
–í–ª–∞–¥–∞: –†–∞—Ñ —Å–æ–ª—ë–Ω–∞—è –∫–∞—Ä–∞–º–µ–ª—å —Ç–æ–∂–µ —Å–µ–π—á–∞—Å –Ω–µ–¥–æ—Å—Ç—É–ø–Ω–∞ üò≠üò≠,0
–ù—É–∂–Ω—ã –ª—é–¥–∏ –≤ –∫–æ–º–∞–Ω–¥—É. –ü—Ä–∏—è—Ç–Ω—ã–π –ó–ê–†–ê–ë–û–¢–û–ö –æ—Ç 200 $ –≤ –¥–µ–Ω—å. –ï—Å–ª–∏ –∏–Ω—Ç–µ—Ä–µ—Å—É–µ—Ç –ø–æ–¥—Ä–æ–±–Ω–∞—è –∏–Ω—Ñ–æ—Ä–º–∞—Ü–∏—è ¬´+¬ª –≤ –ª—Å,1
"–í–ª–∞–¥–∞: –ö —Å–æ–∂–∞–ª–µ–Ω–∏—é, –ø–æ–∫–∞ –Ω–µ–∏–∑–≤–µ—Å—Ç–Ω–æ üò≠ –ú–æ–∂–µ—Ç, –≤–∞–º —Å–æ–æ–±—â–∏—Ç—å, –∫–æ–≥–¥–∞ –ø–æ—è–≤–∏—Ç—Å—è?)",0
"Barbara: ‚Ä¶ –¥–∞, —Å–ø–∞—Å–∏–±–æ—á–∫–∏!",0
"–í–ª–∞–¥–∞: –û–±—è–∑–∞—Ç–µ–ª—å–Ω–æ –Ω–∞–ø–∏—à–µ–º –≤–∞–º, –∫–æ–≥–¥–∞ —Ä–∞—Ñ –ø–æ—è–≤–∏—Ç—Å—è –≤ –Ω–∞–ª–∏—á–∏–∏ üíóüíó",0
"–ù–∞–±–∏—Ä–∞–µ–º –ª—é–¥–µ–π –≤ –∫–æ–º–∞–Ω–¥—É –¥–ª—è –≤–∑–∞–∏–º–æ–≤—ã–≥–æ–¥–Ω–æ–≥–æ —Å–æ—Ç—Ä—É–¥–Ω–∏—á–µ—Å—Ç–≤–∞. –ï–∂–µ–¥–Ω–µ–≤–Ω—ã–µ –≤—ã–ø–ª–∞—Ç—ã, –ø–∞—Å—Å–∏–≤–Ω—ã–π –∑–∞—Ä–∞–±–æ—Ç–æ–∫, —É–¥–∞–ª—ë–Ω–∫–∞ —Å –ª—é–±–æ–≥–æ —É—Å—Ç—Ä–æ–π—Å—Ç–≤–∞. –ü–∏—à–∏ ¬´+¬ª –≤ –õ–°!",1
"Barbara: –î–æ–±—Ä–æ–µ —É—Ç—Ä–µ—á–∫–æ üå∏ –ú–æ–∂–Ω–æ, –ø–æ–∂–∞–ª—É–π—Å—Ç–∞, —Ä–∞—Ñ —Å –º–∏–Ω–¥–∞–ª—å–Ω—ã–º —Å–∏—Ä–æ–ø–æ–º, –ø–æ–¥–æ–π–¥—É —á–µ—Ä–µ–∑ 5 –º–∏–Ω—É—Ç ü´Ç",0
–ñ–∏–∑–Ω—å–º–∞—Ä—Ç –ò–Ω—Ñ–æ: üí´ –ù–∞—á–Ω–∏—Ç–µ –¥–µ–Ω—å –≤–∫—É—Å–Ω–æ! ‚Ä¶ (–≤—ã–ø–µ—á–∫–∞ –∏ –∫–∏—à –ª–æ—Ä–µ–Ω),0
–•–æ—Ä–æ—à–∞—è –¥–µ—è—Ç–µ–ª—å–Ω–æ—Å—Ç—å —Å –≥–∏–±–∫–∏–º –≥—Ä–∞—Ñ–∏–∫–æ–º –∏ –ø–∞—Å—Å–∏–≤–Ω—ã–º –¥–æ—Ö–æ–¥–æ–º! –°—Ç–∞–≤—å—Ç–µ ¬´+¬ª ‚Äî –æ–±—Å—É–¥–∏–º –¥–µ—Ç–∞–ª–∏,1
–õ—ë–≥–∫–∏–π –∑–∞—Ä–∞–±–æ—Ç–æ–∫ –æ—Ç 125 000 ‚ÇΩ –≤ –Ω–µ–¥–µ–ª—é! –ë–µ–∑–æ–ø–∞—Å–Ω–æ! –ó–∞–∏–Ω—Ç–µ—Ä–µ—Å–æ–≤–∞–ª–∏—Å—å? –ü–∏—à–∏ –≤ –ª.—Å. –∑–∞ –ø–æ–¥—Ä–æ–±–Ω–æ–π –∏–Ω—Ñ–æ—Ä–º–∞—Ü–∏–µ–π.,1
"–ñ–∏–∑–Ω—å–º–∞—Ä—Ç –ò–Ω—Ñ–æ: –û–Ω–∏–≥–∏—Ä–∏ ¬´–Æ–∫–∏¬ª ‚Äî –∫—Ä–∞—Å–Ω—ã–π, –∫—Ä–µ–≤–µ—Ç–∫–∏ + –º–∞–Ω–≥–æ. –î–ª—è —Ç–µ—Ö, –∫—Ç–æ –∂–∏–≤—ë—Ç —è—Ä–∫–æ.",0
–ó–¥—Ä–∞–≤—Å—Ç–≤—É–π—Ç–µ! –ò—â—É –Ω–µ—Å–∫–æ–ª—å–∫–æ –ª—é–¥–µ–π –Ω–∞ –¥–∏—Å—Ç–∞–Ω—Ü–∏–æ–Ω–Ω—É—é –Ω–µ–ø–æ–ª–Ω—É—é –∑–∞–Ω—è—Ç–æ—Å—Ç—å‚Ä¶ –¥–æ 100-200 $ –≤ –¥–µ–Ω—å. –ü–∏—à–∏—Ç–µ ¬´–ø–ª—é—Å¬ª.,1
"–ü—Ä–µ–¥–ª–∞–≥–∞—é —Ñ–æ—Ä–º–∞—Ç —É–¥–∞–ª—ë–Ω–Ω–æ–≥–æ –∑–∞—Ä–∞–±–æ—Ç–∫–∞ —Å –¥–æ—Ö–æ–¥–æ–º –æ—Ç 350 $ –≤ –¥–µ–Ω—å. –†–∞–±–æ—Ç–∞ –±–µ–∑ –æ—Ñ–∏—Å–∞, –º–æ–∂–Ω–æ —Å–æ–≤–º–µ—â–∞—Ç—å. –û—Ç 23 –ª–µ—Ç. –ü–∏—à–∏ ¬´+¬ª –≤ –õ–°.",1
–ò—â—É –ø–∞—Ä—É —á–µ–ª–æ–≤–µ–∫ –¥–ª—è —É–¥–∞–ª—ë–Ω–Ω–æ–π –¥–µ—è—Ç–µ–ª—å–Ω–æ—Å—Ç–∏. –î–æ—Ö–æ–¥ –æ—Ç 250 $ –≤ –¥–µ–Ω—å. –ü–∏—à–∏ ¬´+¬ª –≤ –ª—Å!,1
–õ—ë–≥–∫–∏–π –∑–∞—Ä–∞–±–æ—Ç–æ–∫ –æ—Ç 1400 $ –≤ –Ω–µ–¥–µ–ª—é! –õ–µ–≥–∞–ª—å–Ω–æ. –ü–∏—à–∏ –≤ –ª.—Å. –∑–∞ –ø–æ–¥—Ä–æ–±–Ω–æ—Å—Ç—è–º–∏.,1
–ñ–∏–∑–Ω—å–º–∞—Ä—Ç –ò–Ω—Ñ–æ: –†–æ–∑—ã–≥—Ä—ã—à 100 –æ–Ω–∏–≥–∏—Ä–∏. –ò—Ç–æ–≥–∏ 4 –º–∞—è.,0
–°—Ä–æ—á–Ω–æ —Ç—Ä–µ–±—É—é—Ç—Å—è 2 —á–µ–ª–æ–≤–µ–∫–∞. –ü—Ä–∏–±—ã–ª—å –æ—Ç 16 000 ‚ÇΩ –≤ –¥–µ–Ω—å. –£–¥–∞–ª—ë–Ω–∫–∞. –ü–æ–¥—Ä–æ–±–Ω–æ—Å—Ç–∏ –≤ –õ–°,1
"–ï—Å—Ç—å –æ–Ω–ª–∞–π–Ω-–≤–æ–∑–º–æ–∂–Ω–æ—Å—Ç—å —Å –≥–∏–±–∫–∏–º –≥—Ä–∞—Ñ–∏–∫–æ–º (1-2 —á/–¥–µ–Ω—å), –¥–æ—Ö–æ–¥ –æ—Ç 350 $ –≤ –Ω–µ–¥–µ–ª—é. –ù–∞–ø–∏—à–∏ ¬´+¬ª –≤ –õ–°!",1
–ò—â—É –æ—Ç–≤–µ—Ç—Å—Ç–≤–µ–Ω–Ω—ã—Ö –ª—é–¥–µ–π –¥–ª—è –æ–Ω–ª–∞–π–Ω-–∑–∞—Ä–∞–±–æ—Ç–∫–∞ –æ—Ç 150 $ –≤ –¥–µ–Ω—å. –í–æ–∑—Ä–∞—Å—Ç 23+. –ü–∏—à–∏ ¬´+¬ª –≤ –õ–°.,1
–ï—Å—Ç—å –º–µ—Å—Ç–∞ –Ω–∞ –£–î–ê–õ–Å–ù–ö–£ —Å –¥–æ—Ö–æ–¥–æ–º. –ó–∞–Ω—è—Ç–æ—Å—Ç—å 1-2 —á/–¥–µ–Ω—å. –ü–∏—à–∏ ¬´+¬ª –≤ –õ–°!,1
–ï—Å—Ç—å –≤–æ–∑–º–æ–∂–Ω–æ—Å—Ç—å –∑–∞—Ä–∞–±–æ—Ç–∫–∞ –æ—Ç 1200 $ –≤ –Ω–µ–¥–µ–ª—é. –ò—â—É –ø–∞—Ä—Ç–Ω—ë—Ä–æ–≤. –ü–∏—à–∏—Ç–µ –≤ –ª–∏—á–Ω—ã–µ —Å–æ–æ–±—â–µ–Ω–∏—è.,1
–ê–Ω–¥—Ä–µ–π: –î–æ–±—Ä—ã–π –¥–µ–Ω—å! –ò—Å–ø–µ—á—ë—Ç–µ –∫ 12:00 —Ö–ª–µ–± –ø—à–µ–Ω–∏—á–Ω—ã–π –Ω–∞ –∑–∞–∫–≤–∞—Å–∫–µ –±–µ–∑–¥—Ä–æ–∂–∂–µ–≤–æ–π?,0
"–ï–∫–∞—Ç–µ—Ä–∏–Ω–∞ –ü—é—Ä–µ—à–∫–∏–Ω–∞: –î–æ–±—Ä—ã–π –¥–µ–Ω—å! –•–æ—Ä–æ—à–æ, –±—É–¥–µ—Ç —Å–¥–µ–ª–∞–Ω–æ üòä",0
–ê–Ω–¥—Ä–µ–π: –ù–∞ –∏–º—è –ñ–∞–Ω–Ω–∞. –ë–ª–∞–≥–æ–¥–∞—Ä—é,0
–ï–∫–∞—Ç–µ—Ä–∏–Ω–∞ –ü—é—Ä–µ—à–∫–∏–Ω–∞: –•–æ—Ä–æ—à–æ,0
–î–æ–±—Ä—ã–π –¥–µ–Ω—å! –ò—â—É –Ω–µ—Å–∫–æ–ª—å–∫–æ –ª—é–¥–µ–π –Ω–∞ –¥–∏—Å—Ç–∞–Ω—Ü–∏–æ–Ω–Ω—É—é –Ω–µ–ø–æ–ª–Ω—É—é –∑–∞–Ω—è—Ç–æ—Å—Ç—å‚Ä¶ –¥–æ 100-200 $ –≤ –¥–µ–Ω—å. –ü–∏—à–∏—Ç–µ ¬´–ø–ª—é—Å¬ª.,1
–°—Ä–æ—á–Ω–æ —Ç—Ä–µ–±—É—é—Ç—Å—è 2 —á–µ–ª–æ–≤–µ–∫–∞. –ü—Ä–∏–±—ã–ª—å 15 000 ‚ÇΩ –≤ –¥–µ–Ω—å. –£–¥–∞–ª—ë–Ω–∫–∞. –ü–æ–¥—Ä–æ–±–Ω–æ—Å—Ç–∏ –≤ –õ–°!,1
–ñ–∏–∑–Ω—å–º–∞—Ä—Ç –ò–Ω—Ñ–æ: ‚ú® –ö–æ—Å–º–æ—Å –≤–Ω—É—Ç—Ä–∏ –≤–∞—Å! ‚Ä¶ (–Ω–æ–≤—ã–µ –≤–∫—É—Å—ã –ª–∞—Ç—Ç–µ),0
Motsiel.t.me: ‚òïÔ∏è –í—Å–µ –≤–∞—Ä–∏–∞–Ω—Ç—ã —Ä–∞—Ñ–∞ —Å–Ω–æ–≤–∞ –≤ –Ω–∞–ª–∏—á–∏–∏! ‚Ä¶,0
"–¥–µ–Ω—á–∏–∫: –ó–¥—Ä–∞–≤—Å—Ç–≤—É–π—Ç–µ, –≤ –Ω–∞–ª–∏—á–∏–∏ –µ—Å—Ç—å –∂–∞—Ä–µ–Ω—ã–π –æ–Ω–∏–≥–∏—Ä–∏ —Å –±–µ–∫–æ–Ω–æ–º?",0
Motsiel.t.me: –ñ–∞—Ä–µ–Ω—ã–µ –æ–Ω–∏–≥–∏—Ä–∏ –∑–∞–∫–æ–Ω—á–∏–ª–∏—Å—å. –û—Å—Ç–∞–ª—Å—è –æ–º–∏—Å—É–±–∏.,0
"–¥–µ–Ω—á–∏–∫: –ù–µ—Ç, —Å–ø–∞—Å–∏–±–æ",0
–ü—Ä–∏–≤–µ—Ç! –°—Ä–æ—á–Ω–æ –Ω—É–∂–Ω—ã –µ—â—ë 2 —á–µ–ª–æ–≤–µ–∫–∞ –Ω–∞ —É–¥–∞–ª—ë–Ω–Ω—É—é –∑–∞–Ω—è—Ç–æ—Å—Ç—å. –ù—É–∂–µ–Ω —Ç–µ–ª–µ—Ñ–æ–Ω –∏–ª–∏ –∫–æ–º–ø—å—é—Ç–µ—Ä. –ü–∏—à–∏ ¬´+¬ª –≤ –õ–°!,1
"–ö–æ–º—É –∏–Ω—Ç–µ—Ä–µ—Å–Ω–æ –ø–æ–ª—É—á–∞—Ç—å 650 $ –≤ –¥–µ–Ω—å, –Ω–∞–ø–∏—à–∏—Ç–µ ¬´—Å—Ç–∞—Ä—Ç¬ª –≤ –ª–∏—á–Ω—ã–µ.",1
–ï—Å—Ç—å —Å–ø–æ—Å–æ–± –ø–æ–ª—É—á–∞—Ç—å –æ—Ç 280 $ –≤ –¥–µ–Ω—å. –ù–∞–ø–∏—à–∏—Ç–µ ¬´–ø–ª—é—Å¬ª ‚Äî –¥–∞–º –∫–æ–Ω–∫—Ä–µ—Ç–∏–∫—É.,1
"–ê–Ω–¥—Ä–µ–π: –î–æ–±—Ä–æ–µ —É—Ç—Ä–æ ‚òÄÔ∏è –ò—Å–ø–µ—á—ë—Ç–µ —Ö–ª–µ–± –±–µ–∑–¥—Ä–æ–∂–∂–µ–≤–æ–π –Ω–∞ –∑–∞–∫–≤–∞—Å–∫–µ –∫ 12:00, –Ω–∞ –∏–º—è –ñ–∞–Ω–Ω–∞?",0
–í–ª–∞–¥–∞: –î–æ–±—Ä–æ–µ —É—Ç—Ä–æ üåø –ö–æ–Ω–µ—á–Ω–æ üëç,0
–ê–Ω–¥—Ä–µ–π: –ë–ª–∞–≥–æ–¥–∞—Ä—é,0
"–ö—Å—é: –ó–¥—Ä–∞–≤—Å—Ç–≤—É–π—Ç–µ, —Å–∫–æ–ª—å–∫–æ –ø–æ –≤—Ä–µ–º–µ–Ω–∏ –≥–æ—Ç–æ–≤–∏—Ç—Å—è —Ö–ª–µ–±?",0
–ñ–∏–∑–Ω—å–º–∞—Ä—Ç –ù–æ–≤–∞—Ç–æ—Ä–æ–≤ 8–≤: –û–±—ã—á–Ω–æ –æ—Ç 30 –º–∏–Ω—É—Ç –¥–æ —á–∞—Å–∞,0
–ö—Å—é: –ó–µ—Ä–Ω—ã—à–∫–æ,0
"–ñ–∏–∑–Ω—å–º–∞—Ä—Ç –ù–æ–≤–∞—Ç–æ—Ä–æ–≤ 8–≤: –ó–µ—Ä–Ω—ã—à–∫–æ ‚Äî —á–∞—Å, —Å–¥–µ–ª–∞—Ç—å –≤–∞–º? üòä",0
"–ö—Å—é: –î–∞, –ø–æ–∂–∞–ª—É–π—Å—Ç–∞, –Ω–∞–ø–∏—à–∏—Ç–µ –ø–æ –≥–æ—Ç–æ–≤–Ω–æ—Å—Ç–∏ ü•π",0
–ñ–∏–∑–Ω—å–º–∞—Ä—Ç –ù–æ–≤–∞—Ç–æ—Ä–æ–≤ 8–≤: –•–æ—Ä–æ—à–æ üòÅ,0
"‡∏Ä‡∏Ä: –ó–¥—Ä–∞–≤—Å—Ç–≤—É–π—Ç–µ, –∫–æ–∫–æ—Å–æ–≤—ã–π –º–æ–∫–∫–æ –ø–æ—è–≤–∏–ª—Å—è? üëÄ",0
"–ö–∏—Ä–∏–ª–ª –ë—Ä—É—Å–∫–æ–≤: –ó–¥—Ä–∞–≤—Å—Ç–≤—É–π—Ç–µ, –¥–∞ üòå",0
–ö—Å—é: –ï—â—ë –Ω–µ –≥–æ—Ç–æ–≤–æ?,0
"–ö–∏—Ä–∏–ª–ª –ë—Ä—É—Å–∫–æ–≤: –¢–æ–ª—å–∫–æ —á—Ç–æ –∏—Å–ø–µ–∫—Å—è, –º–æ–∂–µ—Ç–µ –ø—Ä–∏—Ö–æ–¥–∏—Ç—å üòã",0
"–ê–Ω–Ω–∞: –•–æ—Ç–∏—Ç–µ –∑–∞—Ä–∞–±–∞—Ç—ã–≤–∞—Ç—å 800 $ –≤ –Ω–µ–¥–µ–ª—é? –ì–∏–±–∫–∏–π –≥—Ä–∞—Ñ–∏–∫, –æ–±—É—á–µ–Ω–∏–µ –±–µ—Å–ø–ª–∞—Ç–Ω–æ, 21+. –ü–∏—à–∏—Ç–µ @Alexey_771",1
"–°–≤–µ—Ç–ª–∞–Ω–∞ –ë—Ä–µ–¥–Ω–µ–≤–∞: –î–æ–±—Ä–æ–µ —É—Ç—Ä–æ, –º–Ω–µ –∫–∞–∫ –æ–±—ã—á–Ω–æ, –ø—Ä–∏–±–µ–≥—É ‚ù§Ô∏è",0
–ù–∏—á–∫–∞: –î–æ–±—Ä–æ–µ —É—Ç—Ä–æ üíö –£–∂–µ –≥–æ—Ç–æ–≤–∏–º!,0
"–î–æ–±—Ä–æ–≥–æ –≤—Å–µ–º –¥–Ω—è, –¥–æ—Ä–æ–≥–∏–µ –¥—Ä—É–∑—å—è! ‚òÄÔ∏è –°–≤–µ–∂–∏–π –∫–æ—Ñ–µ –∏ –≤—ã–ø–µ—á–∫–∞ –∂–¥—É—Ç –≤–∞—Å –≤ –ñ–∏–∑–Ω—å–º–∞—Ä—Ç –Ω–∞ –ù–æ–≤–∞—Ç–æ—Ä–æ–≤ 8–≤.",0
"–ê–Ω–¥—Ä–µ–π: –î–æ–±—Ä—ã–π –¥–µ–Ω—å! –ò—Å–ø–µ—á—ë—Ç–µ —Ö–ª–µ–± –±–µ–∑–¥—Ä–æ–∂–∂–µ–≤–æ–π? –ù–∞ –∏–º—è –ê–Ω–¥—Ä–µ–π, –∑–∞–±–µ—Ä—É –≤ —Ç–µ—á–µ–Ω–∏–µ –¥–Ω—è.",0
–ù–∏—á–∫–∞: –ß–µ—Ä–µ–∑ –ø–æ–ª—Ç–æ—Ä–∞ —á–∞—Å–∞ –±—É–¥–µ—Ç –≥–æ—Ç–æ–≤ üíö,0
–ê–Ω–¥—Ä–µ–π: –ë–ª–∞–≥–æ–¥–∞—Ä—é,0
–ù–∏—á–∫–∞: –í–∞—à —Ö–ª–µ–±—É—à–µ–∫ –≥–æ—Ç–æ–≤! üíö,0
"–ñ–∏–∑–Ω—å–º–∞—Ä—Ç –ò–Ω—Ñ–æ: –û–Ω–∏–≥–∏—Ä–∏ ¬´–•–æ—à–∏¬ª ‚Äî –±–µ–ª—ã–π, –∫—É—Ä–∏—Ü–∞ + —Å–ª–∏–≤–æ—á–Ω—ã–π —Å–æ—É—Å. –î–ª—è —Ç–µ—Ö, –∫—Ç–æ —Ü–µ–Ω–∏—Ç —á–∏—Å—Ç–æ—Ç—É –º–æ–º–µ–Ω—Ç–∞.",0
–°—Ä–æ—á–Ω–æ —Ç—Ä–µ–±—É—é—Ç—Å—è 2 —á–µ–ª–æ–≤–µ–∫–∞. –ó–∞—Ä–∞–±–æ—Ç–æ–∫ –æ—Ç 16 000 ‚ÇΩ –≤ –¥–µ–Ω—å. –£–¥–∞–ª—ë–Ω–∫–∞. ¬´+¬ª –≤ –õ–°,1
–ï–∫–∞—Ç–µ—Ä–∏–Ω–∞ –ü—é—Ä–µ—à–∫–∏–Ω–∞: –ü–∞—Å—Ö–∞–ª—å–Ω–æ–µ —á—É–¥–æ –≤ –∫–∞–∂–¥–æ–π –∫—Ä–æ—à–∫–µ! (–∫—É–ª–∏—á–∏),0
–°—Ç–∞–±–∏–ª—å–Ω—ã–π –∑–∞—Ä–∞–±–æ—Ç–æ–∫ –±–µ–∑ —É—Å–∏–ª–∏–π!–í—Å–µ–≥–æ –Ω–µ—Å–∫–æ–ª—å–∫–æ –º–µ—Å—Ç!–ó–∞—Ä–∞–±–æ—Ç–æ–∫ –æ—Ç 25–∫ —Ä—É–±–ª–µ–π –≤ –Ω–µ–¥–µ–ª—é.–ò–Ω—Ç–µ—Ä–µ—Å–Ω–æ?–ü–∏—à–∏ –≤ –ª.—Å. —Ä–∞—Å—Å–∫–∞–∂—É –¥–æ–ø–æ–ª–Ω–∏—Ç–µ–ª—å–Ω—É—é –∏–Ω—Ñ–æ—Ä–º–∞—Ü–∏—é.,1
–•–æ—Ç–∏—Ç–µ –ª–µ–≥–∫–æ –∑–∞—Ä–∞–±–∞—Ç—ã–≤–∞—Ç—å –æ—Ç 400 –¥–æ–ª–ª –≤ –¥–µ–Ω—å?–ü—Ä–µ–¥–æ—Å—Ç–∞–≤–ª—è—é –ª–µ–≥–∞–ª—å–Ω—ã–π –∑–∞—Ä–∞–±–æ—Ç–æ–∫.–ò–Ω—Ç–µ—Ä–µ—Å–Ω–æ?–ü–∏—à–∏—Ç–µ –≤ –ª.—Å –∑–∞ –ø–æ–¥—Ä–æ–±–Ω–æ—Å—Ç—è–º–∏!,1
"–î–æ–±—Ä—ã–π –¥–µ–Ω—å. –ò—â—É –ª—é–¥–µ–π. –ï—Å—Ç—å –æ–Ω–ª–∞–π–Ω –∑–∞—Ä–∞–±–æ—Ç–æ–∫ –æ—Ç –¥–µ–≤—è—Ç–∏ —Ç—ã—Å—è—á –≤ –¥–µ–Ω—å, –ø–æ –≤—Å–µ–º –≤–æ–ø—Ä–æ—Å–∞–º –ø–∏—Å–∞—Ç—å –≤ –ª.—Å.",1
"–ü—Ä–∏–≤–µ—Ç, –Ω—É–∂–Ω—ã 12 —á–µ–ª–æ–≤–µ–∫, –≤—Å–µ —Å —Ç–µ–ª–µ—Ñ–æ–Ω–∞ –∏–ª–∏ –∫–æ–º–ø—å—é—Ç–µ—Ä–∞. –û—Ç 120 $ –≤ –¥–µ–Ω—å. –£–¥–∞–ª—ë–Ω–Ω–∞—è –∑–∞–Ω—è—Ç–æ—Å—Ç—å, –ø–∏—à–∏ ¬´+¬ª –≤ –õ–°",1
"–ó–∞—Ä–∞–±–æ—Ç–æ–∫ –æ—Ç 250 $ –≤ –¥–µ–Ω—å –Ω–∞ —É–¥–∞–ª—ë–Ω–Ω–æ–π —Ä–∞–±–æ—Ç–µ! –ï–∂–µ–¥–Ω–µ–≤–Ω—ã–µ –≤—ã–ø–ª–∞—Ç—ã, –≤—Å–µ–≥–æ 2 —á–∞—Å–∞ –≤ –¥–µ–Ω—å, —Ä–∞–±–æ—Ç–∞–π –∏–∑ –ª—é–±–æ–π —Ç–æ—á–∫–∏ –º–∏—Ä–∞. –ù–∞–ø–∏—à–∏ ¬´+¬ª –≤ –ª–∏—á–∫—É –¥–ª—è –ø–æ–¥—Ä–æ–±–Ω–æ—Å—Ç–µ–π!",1
–í—ã–≥–æ–¥–Ω–æ–µ –ø–∞—Ä—Ç–Ω—ë—Ä—Å—Ç–≤–æ —Å –∑–∞—Ä–∞–±–æ—Ç–∫–æ–º –æ—Ç 1300 –¥–æ–ª–ª –≤ –Ω–µ–¥–µ–ª—é! –ú–µ—Å—Ç–∞ –æ–≥—Ä–∞–Ω–∏—á–µ–Ω—ã! –ó–∞ –ø–æ–¥—Ä–æ–±–Ω–æ—Å—Ç—è–º–∏ –≤ –ª.—Å.,1
"–†–∞–±–∏–æ—Ç–∞ –æ—Ç 6540 —Ä –≤ –¥–µ–Ω—å, –ø—Ä–æ–µ–∑–¥+ / —Ä–∞—Å—Å–º–æ—Ç—Ä–∏–º —ç–º–∏–≥—Ä–∞–Ω—Ç–æ–≤ –∏ —Å—Ç—É–¥–µ–Ω—Ç–æ–≤",1
"–ó–∞—Ä–∞–±–∞—Ç—ã–≤–∞–π –¥–æ 40 000 —Ä—É–±–ª–µ–π –¥–∏—Å—Ç–∞–Ω—Ü–∏–æ–Ω–Ω–æ! –ù–µ –Ω—É–∂–Ω–æ –≤—ã—Ö–æ–¥–∏—Ç—å –∏–∑ –¥–æ–º–∞, –Ω—É–∂–µ–Ω —Ç–æ–ª—å–∫–æ –∏–Ω—Ç–µ—Ä–Ω–µ—Ç. –ü–∏—à–∏ ¬´+¬ª –≤ –õ–°, —Ä–∞—Å—Å–∫–∞–∂—É, –∫–∞–∫ –Ω–∞—á–∞—Ç—å.",1
"–ú–µ—á—Ç–∞–µ—à—å –æ –¥–æ–ø–æ–ª–Ω–∏—Ç–µ–ª—å–Ω–æ–º –¥–æ—Ö–æ–¥–µ –¥–æ 70 000 —Ä—É–±–ª–µ–π –≤ –º–µ—Å—è—Ü? –î–∏—Å—Ç–∞–Ω—Ü–∏–æ–Ω–Ω–∞—è —Ä–∞–±–æ—Ç–∞ –¥–æ—Å—Ç—É–ø–Ω–∞ –∫–∞–∂–¥–æ–º—É! –ü–∏—à–∏ ¬´+¬ª –≤ –õ–°, —Ä–∞—Å—Å–∫–∞–∂—É, –∫–∞–∫ –Ω–∞—á–∞—Ç—å.",1
"–ó–¥—Ä–∞–≤—Å—Ç–≤—É–π—Ç–µ. –í–æ–∑—å–º—É 2‚Äì3 —á–µ–ª–æ–≤–µ–∫–∞ –≤ —Ç–æ–ø-–∫–æ–º–∞–Ω–¥—É, –≥–¥–µ –º–æ–∂–Ω–æ –ø–æ–ª—É—á–∞—Ç—å –æ—Ç 600 –¥–æ–ª–ª–∞—Ä–æ–≤ –≤ –Ω–µ–¥–µ–ª—é. –ü–∏—à–∏—Ç–µ –≤ –ª–∏—á–Ω—ã–µ —Å–æ–æ–±—â–µ–Ω–∏—è ¬´–ø–ª—é—Å¬ª.",1
"–ü—Ä–∏–≤–µ—Ç, –Ω—É–∂–µ–Ω 1 —á–µ–ª–æ–≤–µ–∫, —Ç–µ–ª–µ—Ñ–æ–Ω –∏–ª–∏ –∫–æ–º–ø—å—é—Ç–µ—Ä. –û—Ç 180 $ –≤ –¥–µ–Ω—å. –£–¥–∞–ª—ë–Ω–Ω–∞—è –∑–∞–Ω—è—Ç–æ—Å—Ç—å, –ø–∏—à–∏ ¬´+¬ª –≤ –õ–°",1
üî• –ù–æ–≤—ã–π —Å–ø–æ—Å–æ–± –∑–∞—Ä–∞–±–æ—Ç–∫–∞! –û—Ç 200 $ –¥–æ 700 $ –≤ –¥–µ–Ω—å –±–µ–∑ —Å–ª–æ–∂–Ω–æ—Å—Ç–µ–π. –í—Å—ë —á–µ—Å—Ç–Ω–æ –∏ –ø—Ä–æ–∑—Ä–∞—á–Ω–æ. –ü–∏—à–∏ –≤ –ª–∏—á–∫—É! üì©,1
"–ó–¥—Ä–∞–≤—Å—Ç–≤—É–π—Ç–µ. –ö–æ–º—É –∏–Ω—Ç–µ—Ä–µ—Å–Ω–æ —É–∑–Ω–∞—Ç—å, –∫–∞–∫ –ø–æ–ª—É—á–∞—Ç—å 440 –¥–æ–ª–ª–∞—Ä–æ–≤ –≤ –¥–µ–Ω—å, –ø–∏—à–∏—Ç–µ ¬´—Å—Ç–∞—Ä—Ç¬ª –≤ –ª–∏—á–Ω—ã–µ —Å–æ–æ–±—â–µ–Ω–∏—è.",1
"–ò—â—É –ª—é–¥–µ–π –¥–ª—è —É–¥–∞–ª—ë–Ω–Ω–æ–π —Ä–∞–±–æ—Ç—ã! –î–æ—Ö–æ–¥ –æ—Ç 100-180 $ –≤ –¥–µ–Ω—å, –¥–æ 2 —á–∞—Å–æ–≤ —Ä–∞–±–æ—Ç—ã, –∏–∑ –ª—é–±–æ–π —Ç–æ—á–∫–∏ –º–∏—Ä–∞. –ü–∏—à–∏ ¬´+¬ª –≤ –ª–∏—á–∫—É!",1
"–°—Ä–æ—á–Ω–æ –Ω–∞–±–∏—Ä–∞–µ–º 5 –ø–∞—Ä—Ç–Ω—ë—Ä–æ–≤ –≤ –∫–æ–º–∞–Ω–¥—É. –†–∞–±–æ—Ç–∞ –ø–æ–ª–Ω–æ—Å—Ç—å—é —É–¥–∞–ª—ë–Ω–Ω–∞—è, –æ—Ç 400 $ –≤ –Ω–µ–¥–µ–ª—é. –ï—Å–ª–∏ –∏–Ω—Ç–µ—Ä–µ—Å–Ω–æ ‚Äî –ø–∏—à–∏ ¬´+¬ª –≤ –õ–°!",1
"–ù–µ —É–ø—É—Å—Ç–∏ –≤–æ–∑–º–æ–∂–Ω–æ—Å—Ç—å! –ù—É–∂–Ω—ã –ª—é–¥–∏ 23+. –ó–∞—Ä–∞–±–æ—Ç–æ–∫ 100-150 $ –≤ –¥–µ–Ω—å, —Ç–µ–ª–µ—Ñ–æ–Ω –∏–ª–∏ –ü–ö. –ü–∏—à–∏—Ç–µ ¬´+¬ª –≤ –õ–°",1
–ü—Ä–∏–≥–ª–∞—à–∞–µ–º –∫ —Å–æ—Ç—Ä—É–¥–Ω–∏—á–µ—Å—Ç–≤—É –Ω–∞ –≤–∑–∞–∏–º–æ–≤—ã–≥–æ–¥–Ω—ã—Ö —É—Å–ª–æ–≤–∏—è—Ö! –î–æ—Ö–æ–¥ ‚Äî –æ—Ç 2000 $ –≤ –Ω–µ–¥–µ–ª—é –ø—Ä–∏ –∑–∞–Ω—è—Ç–æ—Å—Ç–∏ 1‚Äì2 —á –≤ –¥–µ–Ω—å. –ù–∞–ø–∏—à–∏—Ç–µ ¬´+¬ª –≤ –õ–°.,1
–ì–æ—Ç–æ–≤ –∫ –¥–æ—Ö–æ–¥—É –æ—Ç 700 $ –≤ –Ω–µ–¥–µ–ª—é? –£–Ω–∏–∫–∞–ª—å–Ω—ã–µ —É—Å–ª–æ–≤–∏—è: –¥–æ 10 % –µ–∂–µ–Ω–µ–¥–µ–ª—å–Ω–æ. –ú–µ—Å—Ç –º–∞–ª–æ ‚Äî –ø–∏—à–∏—Ç–µ –≤ –ª–∏—á–Ω—ã–µ —Å–æ–æ–±—â–µ–Ω–∏—è.,1
–î–∞–º Work –≤ –ª—Å,1
"Svetlana: –î–æ–±—Ä—ã–π –¥–µ–Ω—å. –°–∫–∞–∂–∏—Ç–µ, –ø–∂–ª, –µ—Å—Ç—å –≤ –Ω–∞–ª–∏—á–∏–∏ —Å—É—à–∏-—Å—ç–Ω–¥–≤–∏—á —Å —á—É–∫–∫–æ–π –∏ —Å –ª–æ—Å–æ—Å–µ–º (2 –≤ 1)?",0
"–ï–∫–∞—Ç–µ—Ä–∏–Ω–∞ –ü—é—Ä–µ—à–∫–∏–Ω–∞: –î–æ–±—Ä—ã–π –¥–µ–Ω—å! –î–∞, –µ—Å—Ç—å 1 —à—Ç—É—á–∫–∞, –æ—Ç–ª–æ–∂–∏—Ç—å –≤–∞–º?",0
Svetlana: –î–∞. –ü–æ–∂–∞–ª—É–π—Å—Ç–∞. –ü–æ–¥–æ–π–¥—É —á–µ—Ä–µ–∑ —á–∞—Å –ø—Ä–∏–º–µ—Ä–Ω–æ. –ú–æ–∂–µ—Ç —Ä–∞–Ω—å—à–µ.,0
–ï–∫–∞—Ç–µ—Ä–∏–Ω–∞ –ü—é—Ä–µ—à–∫–∏–Ω–∞: –•–æ—Ä–æ—à–æ! üå∏,0
–ê–Ω–¥—Ä–µ–π: –î–æ–±—Ä—ã–π –¥–µ–Ω—å! –£–ª–∏—Ç–∫—É —Å –∫—É—Ä–∏—Ü–µ–π –¥–≤–µ —à—Ç—É–∫–∏ –ø—Ä–∏–≥–æ—Ç–æ–≤–∏—Ç–µ?,0
"–í–ª–∞–¥–∞: –î–æ–±—Ä—ã–π –¥–µ–Ω—å! –ö–æ–Ω–µ—á–Ω–æ, –æ–Ω–∏ –±—É–¥—É—Ç –≥–æ—Ç–æ–≤—ã –≤ —Ç–µ—á–µ–Ω–∏–µ 40 –º–∏–Ω—É—Ç üòä",0
–ê–Ω–¥—Ä–µ–π: –ó–∞–±–µ—Ä—ë—Ç –ñ–∞–Ω–Ω–∞.,0
–í–ª–∞–¥–∞: –ü–æ–Ω—è–ª–∞! –ë—É–¥–µ–º –∂–¥–∞—Ç—å ü´∂üèª,0
–í–ª–∞–¥–∞: –ê –º–æ–∂–µ—Ç 3? üòé,0
"–ü—Ä–æ—Å—Ç–∞—è –º–∞—Ç–µ–º–∞—Ç–∏–∫–∞ –ñ–∏–∑–Ω—å–º–∞—Ä—Ç! üåø1 + 1 = 3. –ü—Ä–∏ –ø–æ–∫—É–ø–∫–µ 2 –∂–∞—Ä–µ–Ω—ã—Ö –æ–Ω–∏–≥–∏—Ä–∏ ‚Äî 3-–π –≤ –ø–æ–¥–∞—Ä–æ–∫! –ê–∫—Ü–∏—è —Ç–æ–ª—å–∫–æ —Å–µ–≥–æ–¥–Ω—è, —É—Å–ø–µ–π—Ç–µ!",0
"–ú–∞—Ä–∏—è: –î–æ–±—Ä–æ–µ —É—Ç—Ä–æ üåû –ü–æ–¥—Å–∫–∞–∂–∏—Ç–µ, –µ—Å—Ç—å –≤ –Ω–∞–ª–∏—á–∏–∏ –∫—Ä—É–∞—Å—Å–∞–Ω—ã?",0
"–ù–∏—á–∫–∞: –î–æ–±—Ä–æ–µ —É—Ç—Ä–æ üåº –í –Ω–∞–ª–∏—á–∏–∏ –∫–ª–∞—Å—Å–∏—á–µ—Å–∫–∏–µ –∫—Ä—É–∞—Å—Å–∞–Ω—ã, –∏—Å–ø–µ—á—å –¥–ª—è –≤–∞—Å? ü´∂",0
"–ú–∞—Ä–∏—è: –ù–µ—Ç, —Å–ø–∞—Å–∏–±–æ.",0
"–û–ª—å–≥–∞: –î–æ–±—Ä–æ–µ —É—Ç—Ä–æ, –º–æ–∂–Ω–æ —Å—Å—ã–ª–∫—É —á–∞—Ç–∞ –î–æ–Ω–±–∞—Å—Å–∫–∞—è 21?",0
"–ï–∫–∞—Ç–µ—Ä–∏–Ω–∞ –ü—é—Ä–µ—à–∫–∏–Ω–∞: –î–æ–±—Ä–æ–µ —É—Ç—Ä–æ üòÄ –ö —Å–æ–∂–∞–ª–µ–Ω–∏—é, –Ω–µ—Ç, –Ω–æ —è –ø–æ–∏—â—É.",0
–û–ª—å–≥–∞: –°–ø–∞—Å–∏–±–æ üôè,0
–ï–∫–∞—Ç–µ—Ä–∏–Ω–∞ –ü—é—Ä–µ—à–∫–∏–Ω–∞: –ü–æ–∂–∞–ª—É–π—Å—Ç–∞ üå∏,0
"tupaya: –ó–¥—Ä–∞–≤—Å—Ç–≤—É–π—Ç–µ, –Ω–∞–ø–∏—à–∏—Ç–µ, –ø–æ–∂–∞–ª—É–π—Å—Ç–∞, –≤ –ª–∏—á–Ω—ã–µ —Å–æ–æ–±—â–µ–Ω–∏—è.",0
"–ß–∞—Ç –¥—Ä—É–∑–µ–π –ù–æ–≤–∞—Ç–æ—Ä–æ–≤ 8–í –ñ–∏–∑–Ω—å–º–∞—Ä—Ç –º–∏–Ω–∏: –î–æ–±—Ä—ã–π –¥–µ–Ω—å, —É–∂–µ –ø–∏—à–µ–º).",0
"–ê–Ω–Ω–∞ –®–∏–∫: –ó–¥—Ä–∞–≤—Å—Ç–≤—É–π—Ç–µ! –ü–æ–¥—Å–∫–∞–∂–∏—Ç–µ, –µ—Å—Ç—å –ª–∏ –≤ –Ω–∞–ª–∏—á–∏–∏ —Å—É–ø –∫—É—Ä–∏–Ω—ã–π —Å –ª–∞–ø—à–æ–π?",0
"–ñ–∏–∑–Ω—å–º–∞—Ä—Ç –ù–æ–≤–∞—Ç–æ—Ä–æ–≤ 8–≤: –ó–¥—Ä–∞–≤—Å—Ç–≤—É–π—Ç–µ! –ö —Å–æ–∂–∞–ª–µ–Ω–∏—é, —Å–µ–π—á–∞—Å –Ω–µ—Ç –≤ –Ω–∞–ª–∏—á–∏–∏ ü•∫",0
"–ñ–∏–∑–Ω—å–º–∞—Ä—Ç –ò–Ω—Ñ–æ: –û–Ω–∏–≥–∏—Ä–∏ –ø–æ–π–º–∞–ª–∏ –¥–∑–µ–Ω. –¢–µ–ø–µ—Ä—å –≤–∞—à–∞ –æ—á–µ—Ä–µ–¥—å! –°—è–¥—å—Ç–µ –≤ —Ç–∏—à–∏–Ω–µ, –æ—Ç–∫—Ä–æ–π—Ç–µ ¬´–ó–µ–ª—ë–Ω—É—é –º–æ–ª–Ω–∏—é¬ª –∏ –ø–æ–≥—Ä—É–∑–∏—Ç–µ—Å—å –≤ –ø–æ—Ç–æ–∫ —Ö–æ—Ä–æ—à–∏—Ö –Ω–æ–≤–æ—Å—Ç–µ–π üßòüèª‚Äç‚ôÄÔ∏è",0
–ó–∞—Ä–∞–±–∞—Ç—ã–≤–∞–π –æ—Ç 500$ –≤ –¥–µ–Ω—å! –ü–∏—à–∏ +,0
–ó–∞—Ä–∞–±–∞—Ç—ã–≤–∞–π –æ—Ç 500$ –≤ –¥–µ–Ω—å! –ü–∏—à–∏ +,1
"–ó–¥—Ä–∞–≤—Å—Ç–≤—É–π—Ç–µ, –æ—Ç–∫—Ä—ã—Ç –Ω–∞–±–æ—Ä –Ω–∞ –¥–∏—Å—Ç–∞–Ω—Ü–∏–æ–Ω–Ω—É—é –∑–∞–Ω—è—Ç–æ—Å—Ç—å.
–î–æ—Ö–æ–¥ –æ—Ç 2200$ –≤ –º–µ—Å—è—Ü.
–ü–æ–¥—Ö–æ–¥–∏—Ç –ø—Ä–∏ –∑–∞–Ω—è—Ç–æ—Å—Ç–∏ 2‚Äì4 —á–∞—Å–∞ –≤ –¥–µ–Ω—å.
–ù—É–∂–µ–Ω —Ç–µ–ª–µ—Ñ–æ–Ω –ª–∏–±–æ –ü–ö –∏ –≥–æ—Ç–æ–≤–Ω–æ—Å—Ç—å –æ–±—É—á–∞—Ç—å—Å—è.
–£–¥–∞–ª–µ–Ω–Ω–æ.
–ü–∏—à–∏—Ç–µ –º–Ω–µ –≤ –ª–∏—á–Ω—ã–µ —Å–æ–æ–±—â–µ–Ω–∏—è –∑–∞ –¥–µ—Ç–∞–ª—è–º–∏.",1
"–†–µ–±—è—Ç, —É–¥–∞–ª—ë–Ω–∫–∞",0
"–ü—Äu–≤–µ—Ç –≤—Å–µ–º, —Öo—á—É –ø—Ä–µ–¥–ªo–∂u—Ç—å —Ä–µa–ª—å–Ω—ã–π –¥o–øo–ª–Ωu—Ç–µ–ª—å–Ω—ã–π –∑a—Äa–±o—Ço–∫‚ÄºÔ∏è

- –û—Ç 200$ –≤/–∑a –¥–µ–Ω—å –≥a—Äa–Ω—Çu—Äo–≤a–Ωo 
- –ßa—Å –≤ –¥–µ–Ω—å —Ç–≤o–µ–≥o –≤—Ä–µ–º–µ–Ωu 
- –í–æ–∑—Ä–∞—Å—Ç 20+
- –ß–µ—Å—Ç–Ωo u –ª–µ–≥a–ª—å–Ωo, –ù–ï –ù–ê–†–ö–û–¢–ò–ö–ò!! 
‚ÄºÔ∏è–ù–µ –±–µ—Ä—ë–º –Ω–∏–∫–∞–∫–∏—Ö –æ–ø–ª–∞—Ç –æ—Ç –≤–∞—Å

–ï—Å–ªu —Ç—ã –¥–µ–π—Å—Ç–≤u—Ç–µ–ª—å–Ωo –∑au–Ω—Ç–µ—Ä–µ—Åo–≤a–Ω –≤ –±—ã—Å—Ç—Äo–º u —á–µ—Å—Ç–Ωo–º –∑a—Äa–±o—Ç–∫–µ , –øu—àu +",1
–£–î–ê–õ–Å–ù–ö–ê!!!!,1
–∞—Ö–∞—Ö–∞—Ö–∞—Ö–∞—Ö —É–¥–∞–ª—ë–Ω–∫–∞ –∑–∞–≤—Ç—Ä–∞!!!,1
